/*
SQLyog Enterprise v10.42 
MySQL - 5.5.5-10.1.21-MariaDB : Database - smsgw_engine_db
*********************************************************************
*/

/*!40101 SET NAMES utf8 */;

/*!40101 SET SQL_MODE=''*/;

/*!40014 SET @OLD_UNIQUE_CHECKS=@@UNIQUE_CHECKS, UNIQUE_CHECKS=0 */;
/*!40014 SET @OLD_FOREIGN_KEY_CHECKS=@@FOREIGN_KEY_CHECKS, FOREIGN_KEY_CHECKS=0 */;
/*!40101 SET @OLD_SQL_MODE=@@SQL_MODE, SQL_MODE='NO_AUTO_VALUE_ON_ZERO' */;
/*!40111 SET @OLD_SQL_NOTES=@@SQL_NOTES, SQL_NOTES=0 */;
CREATE DATABASE /*!32312 IF NOT EXISTS*/`smsgw_engine_db` /*!40100 DEFAULT CHARACTER SET latin1 */;

USE `smsgw_engine_db`;

/*Table structure for table `email_confirmations` */

DROP TABLE IF EXISTS `email_confirmations`;

CREATE TABLE `email_confirmations` (
  `id` int(10) unsigned NOT NULL AUTO_INCREMENT,
  `usersId` int(10) unsigned NOT NULL,
  `code` char(32) NOT NULL,
  `createdAt` int(10) unsigned NOT NULL,
  `modifiedAt` int(10) unsigned DEFAULT NULL,
  `confirmed` char(1) DEFAULT 'N',
  PRIMARY KEY (`id`)
) ENGINE=InnoDB AUTO_INCREMENT=56 DEFAULT CHARSET=utf8;

/*Data for the table `email_confirmations` */

insert  into `email_confirmations`(`id`,`usersId`,`code`,`createdAt`,`modifiedAt`,`confirmed`) values (1,5,'WMLePZuXb9Cf2nSfuByROJtzMrFCBgIB',1485943253,NULL,'N'),(2,6,'Bu5WpqpGtDAmrA9CcswG7G2F4ILv6sN',1485943283,NULL,'N'),(3,7,'f425rtd88TLNh7NPukXoRIxCDtzRWJn',1485943409,NULL,'N'),(4,8,'uSszmWeEEnhP1G7ANamlCFu1kK2NVx',1485944187,NULL,'N'),(5,9,'D0aKWpq3KJB7wkMKt0AEEGiQUKQAtu',1485945086,NULL,'N'),(6,10,'TznSdZlQc9XPopauTGxgEM9EiGNSwqAy',1485945587,NULL,'N'),(7,11,'pRCrfeElEPOBtJfIH0VRW16GubAj3t',1485945694,NULL,'N'),(8,12,'VBEQvtiXVlfCriTQ2eUk820c231FxAF',1485945954,NULL,'N'),(9,13,'q5I2kWATbj8Rhc9mfYcgRGvRSchZVUS',1486002594,NULL,'N'),(10,14,'nMyeJ1umdqRhU3XHIET2AowIJQUBpCn',1486003458,NULL,'N'),(11,15,'oJlBi8DUQoFObn2ys8j7lR1HIhKWsR',1486004249,NULL,'N'),(12,16,'WFdMEOKocQ0IrTw7eIGEMhNoHgtdZWvG',1486004972,1486004982,'Y'),(13,17,'LZCeHHTHQJMWPtaoSjLL6tPIUnFqoM8',1486005082,NULL,'N'),(14,18,'LRh3zas28rSeuByZCJlXzwuLc63EUo7',1486005167,1486005177,'Y'),(15,19,'FQGzSgY3RXY3KEOv3g8qtEZBUUP4OcfP',1486613776,NULL,'N'),(16,20,'PVh0rJBybzaj6LMZEGfdr8ndQa2RUA',1486738379,1486738432,'Y'),(17,21,'uUOI7r9VSK0pzYb2vIRSyzZQcTGn3b',1486795939,NULL,'N'),(18,22,'NtFmEOizKYp5xwyVlLIIUzuCYd64kRZ',1487052980,1487053005,'Y'),(19,23,'f4y5aw26Mq1nTzRLGd3C8ko92eTObFR',1487053979,NULL,'N'),(20,24,'drZHCAxuaZA3xLacCsxuPp1KrpvrQj',1487054040,NULL,'N'),(21,25,'TuzhmSceYHDhpCbrKULC6CphHKtQpfLJ',1487054216,NULL,'N'),(22,26,'n6nYFipq2CGC7sJcWKmwiKiU4iTvmCS',1487054339,NULL,'N'),(23,27,'N3jIe7Ij74ym8oYPyHMfumUWWAGjW4N',1487054451,NULL,'N'),(24,28,'nhJh8r930KJQ6HjBlFTBNXyT7LKqzM',1487054551,NULL,'N'),(25,29,'CbgX3v2aXu5dGguXgZIk89XzWesbj25',1487241029,1487241050,'Y'),(26,30,'1hGVNEBDy2s8q3X6utGl4TOLnuWr',1487422647,1487422692,'Y'),(27,31,'re20EwOmkjOSySwsSnUMAIrAvn61BaNa',1487490706,NULL,'N'),(28,32,'9OdCYvZXFBQsArlQG47KYo2KggjHvRJo',1487501005,NULL,'N'),(29,33,'evhERqVgpXB3rdO3rRzFdVpN09eGmb',1487502712,NULL,'N'),(30,35,'SHzvZz8urOaaWnmgkS7XkSqbriO4ay6',1489393107,1489393161,'Y'),(31,36,'jcJH3nx7pQF2ArapEnNhuSk4S7limJ6',1489393335,1489393342,'Y'),(32,37,'RIHTxPZpSGjVEaEzJNqDKf6KvsGr2Q5',1489393469,1489393475,'Y'),(33,38,'Rv0OxXQlvK9BBdeJm2qKG1MmnvFmInPh',1489393627,1489393633,'Y'),(34,39,'uelWw0zg8thr5Nbf3O2aqyDg3yso9Jw',1489488580,1489488593,'Y'),(35,40,'pb8hqlRpAsgu21yGrh0YVkGnTqQeMLMr',1489984679,NULL,'N'),(36,41,'h1BCnf2rAwUyUc0C9figGOq8pxRobQ9I',1491116792,NULL,'N'),(37,42,'iQD6PmQj8wtXLpDrBVmF37f68vl4ZY',1491116831,NULL,'N'),(38,43,'EtipFFqzQY2sElHa5Cy8w54ONCJKLR',1491116895,1491116987,'Y'),(39,44,'7DhcVZ0LtmXJbExFPMiceBBM9GmPShj',1491118341,1491118972,'Y'),(40,45,'T6TluVOYwIk3MyflKRCe6dwlTzLeYFgM',1491118393,1491118936,'Y'),(41,46,'esRgbDxpRwaPQG5xnlzR9305z1rE9D',1491118500,1491118890,'Y'),(42,47,'KzVZN2Vof4SxIt3CtddkpOkPTWHPAV6',1491118627,1491118642,'Y'),(43,48,'TDmeKjbNxpimh1VHiufqPWxoz1t7ZL',1491128089,NULL,'N'),(44,49,'hlhy3sQ1yXOHPRCZIcdco8WUQUDBrT8G',1491128141,NULL,'N'),(45,50,'mbdymHuxRIQJfT7DbsEbsTgg2qcVlb',1491128198,NULL,'N'),(46,51,'jnIaasaIshAxjOxPlzx3JyPxoj6IIz',1491130511,NULL,'N'),(47,52,'Nxnil0mNcLcohL22XriaDHKJE3GLD0P9',1491130858,NULL,'N'),(48,53,'iDc0oXtIRjAVuWuXLpgPuPCf2Dn05gP',1491132614,NULL,'N'),(49,54,'E29b5kCuWLbldXchuBJf23ecjpxxT3',1491132979,NULL,'N'),(50,55,'o4euRuo0bDkyJPg1hPERTCbQm8tfaucM',1491133019,NULL,'N'),(51,56,'kX2d9MZD0EM9Qnmljsinu3uOrykJy85',1491133188,NULL,'N'),(52,57,'wrM2l6s5CuRHonx2tanKmfEUefWmMVSL',1491133330,NULL,'N'),(53,58,'qRKV0ReEbUosO2jXZHzljbGkm900Dz2',1491133464,1491133738,'Y'),(54,59,'fFuR2HShdPag4tmDipIvT3izn8s7iaA',1491134860,1491135619,'Y'),(55,40,'1wjkv0h5JFAFc6VFusGRnn6yWNaLYf6',1497244776,NULL,'N');

/*Table structure for table `failed_logins` */

DROP TABLE IF EXISTS `failed_logins`;

CREATE TABLE `failed_logins` (
  `id` int(10) unsigned NOT NULL AUTO_INCREMENT,
  `usersId` int(10) unsigned DEFAULT NULL,
  `ipAddress` char(15) NOT NULL,
  `attempted` int(10) unsigned NOT NULL,
  PRIMARY KEY (`id`),
  KEY `usersId` (`usersId`)
) ENGINE=InnoDB AUTO_INCREMENT=33 DEFAULT CHARSET=utf8;

/*Data for the table `failed_logins` */

insert  into `failed_logins`(`id`,`usersId`,`ipAddress`,`attempted`) values (1,17,'::1',1486005099),(2,17,'::1',1486005103),(3,18,'::1',1486015153),(4,18,'::1',1486015159),(5,18,'::1',1486015165),(6,18,'::1',1486953114),(7,18,'::1',1486953574),(8,18,'::1',1486953579),(9,18,'::1',1486953587),(10,29,'::1',1488605349),(11,18,'::1',1488611858),(12,18,'::1',1488767216),(13,18,'::1',1488774493),(14,29,'::1',1488876253),(15,18,'::1',1489371036),(16,18,'::1',1489632156),(17,18,'::1',1489809459),(18,18,'::1',1490067283),(19,18,'::1',1490079895),(20,18,'::1',1490099286),(21,18,'::1',1490105922),(22,18,'::1',1490151064),(23,0,'::1',1493093983),(24,18,'127.0.0.1',1496027624),(25,18,'127.0.0.1',1496115522),(26,18,'127.0.0.1',1496122780),(27,18,'127.0.0.1',1496202017),(28,18,'127.0.0.1',1497579701),(29,18,'127.0.0.1',1497940862),(30,18,'127.0.0.1',1498025547),(31,18,'127.0.0.1',1499140380),(32,18,'127.0.0.1',1499836590);

/*Table structure for table `password_changes` */

DROP TABLE IF EXISTS `password_changes`;

CREATE TABLE `password_changes` (
  `id` int(10) unsigned NOT NULL AUTO_INCREMENT,
  `usersId` int(10) unsigned NOT NULL,
  `ipAddress` char(15) NOT NULL,
  `userAgent` text NOT NULL,
  `createdAt` int(10) unsigned NOT NULL,
  PRIMARY KEY (`id`),
  KEY `usersId` (`usersId`)
) ENGINE=InnoDB AUTO_INCREMENT=7 DEFAULT CHARSET=utf8;

/*Data for the table `password_changes` */

insert  into `password_changes`(`id`,`usersId`,`ipAddress`,`userAgent`,`createdAt`) values (1,18,'::1','Mozilla/5.0 (Windows NT 10.0; Win64; x64) AppleW',1486015138),(2,18,'::1','Mozilla/5.0 (Windows NT 10.0; Win64; x64) AppleW',1490100067),(3,59,'::1','Mozilla/5.0 (Windows NT 10.0; Win64; x64) AppleWebKit/537.36 (KHTML, like Gecko) Chrome/56.0.2924.87 Safari/537.36',1491433352),(4,59,'::1','Mozilla/5.0 (Windows NT 10.0; Win64; x64) AppleWebKit/537.36 (KHTML, like Gecko) Chrome/56.0.2924.87 Safari/537.36',1491433860),(5,59,'::1','Mozilla/5.0 (Windows NT 10.0; Win64; x64) AppleWebKit/537.36 (KHTML, like Gecko) Chrome/56.0.2924.87 Safari/537.36',1491434057),(6,59,'::1','Mozilla/5.0 (Windows NT 10.0; Win64; x64) AppleWebKit/537.36 (KHTML, like Gecko) Chrome/56.0.2924.87 Safari/537.36',1491434652);

/*Table structure for table `permissions` */

DROP TABLE IF EXISTS `permissions`;

CREATE TABLE `permissions` (
  `id` int(10) unsigned NOT NULL AUTO_INCREMENT,
  `profilesId` int(10) unsigned NOT NULL,
  `resource` varchar(16) NOT NULL,
  `action` varchar(16) NOT NULL,
  PRIMARY KEY (`id`),
  KEY `profilesId` (`profilesId`)
) ENGINE=InnoDB AUTO_INCREMENT=2327 DEFAULT CHARSET=utf8;

/*Data for the table `permissions` */

insert  into `permissions`(`id`,`profilesId`,`resource`,`action`) values (453,3,'users','changePassword'),(454,3,'users','accountInfo'),(711,4,'users','changePassword'),(712,4,'users','accountInfo'),(2102,2,'users','changePassword'),(2103,2,'users','accountInfo'),(2104,2,'campaign','index'),(2105,2,'campaign','search'),(2106,2,'campaign','edit'),(2107,2,'campaign','create'),(2108,2,'campaign','delete'),(2109,2,'campaign','new'),(2110,2,'campaign','save'),(2111,2,'campaign','deletegbr120x600'),(2112,2,'campaign','deletegbr160x600'),(2113,2,'campaign','deletegbr250x250'),(2114,2,'campaign','deletegbr300x50'),(2115,2,'campaign','deletegbr300x100'),(2116,2,'campaign','deletegbr300x250'),(2117,2,'campaign','deletegbr300x600'),(2118,2,'campaign','deletegbr305x99'),(2119,2,'campaign','deletegbr315x300'),(2120,2,'campaign','deletegbr320x50'),(2121,2,'campaign','deletegbr320x100'),(2122,2,'campaign','deletegbr320x250'),(2123,2,'campaign','deletegbr320x416'),(2124,2,'campaign','deletegbr320x480'),(2125,2,'campaign','deletegbr336x280'),(2126,2,'campaign','deletegbr468x60'),(2127,2,'campaign','deletegbr640x960'),(2128,2,'campaign','deletegbr728x90'),(2129,2,'campaign','deletegbr800x440'),(2130,2,'campaign','deletegbr1024x7'),(2131,2,'campaign','dailyreport'),(2132,2,'campaign','dashboardcamp'),(2133,2,'campaign','dailyrptdw'),(2134,2,'adspace','index'),(2135,2,'adspace','search'),(2136,2,'adspace','edit'),(2137,2,'adspace','create'),(2138,2,'adspace','delete'),(2139,2,'adspace','new'),(2140,2,'adspace','save'),(2141,2,'confirm','index'),(2142,2,'confirm','create'),(2143,2,'confirm','search'),(2235,1,'users','index'),(2236,1,'users','search'),(2237,1,'users','edit'),(2238,1,'users','create'),(2239,1,'users','delete'),(2240,1,'users','changePassword'),(2241,1,'users','accountInfo'),(2242,1,'profiles','index'),(2243,1,'profiles','search'),(2244,1,'profiles','edit'),(2245,1,'profiles','create'),(2246,1,'profiles','delete'),(2247,1,'permissions','index'),(2248,1,'campaign','index'),(2249,1,'campaign','search'),(2250,1,'campaign','edit'),(2251,1,'campaign','create'),(2252,1,'campaign','delete'),(2253,1,'campaign','new'),(2254,1,'campaign','save'),(2255,1,'campaign','view'),(2256,1,'campaign','deletegbr120x600'),(2257,1,'campaign','deletegbr160x600'),(2258,1,'campaign','deletegbr250x250'),(2259,1,'campaign','deletegbr300x50'),(2260,1,'campaign','deletegbr300x100'),(2261,1,'campaign','deletegbr300x250'),(2262,1,'campaign','deletegbr300x600'),(2263,1,'campaign','deletegbr305x99'),(2264,1,'campaign','deletegbr315x300'),(2265,1,'campaign','deletegbr320x50'),(2266,1,'campaign','deletegbr320x100'),(2267,1,'campaign','deletegbr320x250'),(2268,1,'campaign','deletegbr320x416'),(2269,1,'campaign','deletegbr320x480'),(2270,1,'campaign','deletegbr336x280'),(2271,1,'campaign','deletegbr468x60'),(2272,1,'campaign','deletegbr640x960'),(2273,1,'campaign','deletegbr728x90'),(2274,1,'campaign','deletegbr800x440'),(2275,1,'campaign','deletegbr1024x7'),(2276,1,'campaign','downgbr1024x768'),(2277,1,'campaign','downgbr800x440'),(2278,1,'campaign','downgbr728x90'),(2279,1,'campaign','downgbr640x960'),(2280,1,'campaign','downgbr468x60'),(2281,1,'campaign','downgbr336x280'),(2282,1,'campaign','downgbr320x480'),(2283,1,'campaign','downgbr320x416'),(2284,1,'campaign','downgbr320x250'),(2285,1,'campaign','downgbr320x100'),(2286,1,'campaign','downgbr320x50'),(2287,1,'campaign','downgbr315x300'),(2288,1,'campaign','downgbr305x99'),(2289,1,'campaign','downgbr300x600'),(2290,1,'campaign','downgbr300x100'),(2291,1,'campaign','downgbr300x250'),(2292,1,'campaign','downgbr300x50'),(2293,1,'campaign','downgbr250x250'),(2294,1,'campaign','downgbr160x600'),(2295,1,'campaign','downgbr120x600'),(2296,1,'campaign','downgbrloop'),(2297,1,'campaign','activateout'),(2298,1,'campaign','activateview'),(2299,1,'campaign','viewdownload'),(2300,1,'campaign','dailyreport'),(2301,1,'campaign','dashboardcamp'),(2302,1,'campaign','dailyrptdw'),(2303,1,'adspace','index'),(2304,1,'adspace','search'),(2305,1,'adspace','edit'),(2306,1,'adspace','create'),(2307,1,'adspace','delete'),(2308,1,'adspace','new'),(2309,1,'adspace','save'),(2310,1,'adspace','view'),(2311,1,'adspace','activate'),(2312,1,'confirm','index'),(2313,1,'confirm','create'),(2314,1,'confirm','search'),(2315,1,'confirm','approve'),(2316,1,'confirm','unapprove'),(2317,1,'inputadmin','index'),(2318,1,'inputadmin','search'),(2319,1,'inputadmin','edit'),(2320,1,'inputadmin','create'),(2321,1,'inputadmin','delete'),(2322,1,'inputadmin','new'),(2323,1,'inputadmin','save'),(2324,1,'inputadmin','view'),(2325,1,'inputadmin','activate'),(2326,1,'inputadmin','deletegambar');

/*Table structure for table `profiles` */

DROP TABLE IF EXISTS `profiles`;

CREATE TABLE `profiles` (
  `id` int(10) unsigned NOT NULL AUTO_INCREMENT,
  `name` varchar(64) NOT NULL,
  `active` char(1) NOT NULL,
  PRIMARY KEY (`id`),
  KEY `active` (`active`)
) ENGINE=InnoDB AUTO_INCREMENT=4 DEFAULT CHARSET=utf8;

/*Data for the table `profiles` */

insert  into `profiles`(`id`,`name`,`active`) values (1,'Administrators','Y'),(2,'Users','Y'),(3,'Read-Only','Y');

/*Table structure for table `remember_tokens` */

DROP TABLE IF EXISTS `remember_tokens`;

CREATE TABLE `remember_tokens` (
  `id` int(10) unsigned NOT NULL AUTO_INCREMENT,
  `usersId` int(10) unsigned NOT NULL,
  `token` char(32) NOT NULL,
  `userAgent` varchar(120) NOT NULL,
  `createdAt` int(10) unsigned NOT NULL,
  PRIMARY KEY (`id`),
  KEY `token` (`token`)
) ENGINE=InnoDB AUTO_INCREMENT=5 DEFAULT CHARSET=utf8;

/*Data for the table `remember_tokens` */

insert  into `remember_tokens`(`id`,`usersId`,`token`,`userAgent`,`createdAt`) values (1,18,'352aeca7184cf4ddbc5f84b609ccc64e','Mozilla/5.0 (Windows NT 10.0; Win64; x64; rv:51.0) Gecko/20100101 Firefox/51.0',1486014980),(2,18,'f5d19b39806717b0653ee42ebbe6c452','Mozilla/5.0 (Windows NT 10.0; Win64; x64) AppleWebKit/537.36 (KHTML, like Gecko) Chrome/56.0.2924.87 Safari/537.36',1489155763),(3,29,'2d2734b57a86654d56912ae5c04f660b','Mozilla/5.0 (Windows NT 10.0; Win64; x64) AppleWebKit/537.36 (KHTML, like Gecko) Chrome/56.0.2924.87 Safari/537.36',1489205009),(4,18,'f5d19b39806717b0653ee42ebbe6c452','Mozilla/5.0 (Windows NT 10.0; Win64; x64) AppleWebKit/537.36 (KHTML, like Gecko) Chrome/56.0.2924.87 Safari/537.36',1489205815);

/*Table structure for table `reset_passwords` */

DROP TABLE IF EXISTS `reset_passwords`;

CREATE TABLE `reset_passwords` (
  `id` int(10) unsigned NOT NULL AUTO_INCREMENT,
  `usersId` int(10) unsigned NOT NULL,
  `code` varchar(48) NOT NULL,
  `createdAt` int(10) unsigned NOT NULL,
  `modifiedAt` int(10) unsigned DEFAULT NULL,
  `reset` char(1) NOT NULL,
  PRIMARY KEY (`id`),
  KEY `usersId` (`usersId`)
) ENGINE=InnoDB AUTO_INCREMENT=12 DEFAULT CHARSET=utf8;

/*Data for the table `reset_passwords` */

insert  into `reset_passwords`(`id`,`usersId`,`code`,`createdAt`,`modifiedAt`,`reset`) values (1,18,'yZRUDoUnNIK7LPQ9Ru59XHaBNnhoMvu',1486015104,1486015123,'Y'),(2,18,'b6MMhEi0yPZDILqwZCzytfMFbDiCWJj',1486015190,1486015196,'Y'),(3,18,'0axGUZWhuchEOuIQBvxhDLqhjsLNX29',1486015218,1486015233,'Y'),(4,18,'flRXkR9LruqDQAUmCMjAHETX6RfW6Y5',1486015428,1486015434,'Y'),(5,18,'5wrTlmqfxoO5GlNyLfyQyKOGoHFnkeY',1486015518,1486015528,'Y'),(6,59,'dEer7XO3lXQoIzr3twrApJT9gvu9aD',1491432455,NULL,'N'),(7,59,'yWLQo4ZmXBYjlpSw34fClwu8HppEoZc',1491432801,1491433339,'Y'),(8,59,'DENYA0o0uLQMGm0DksrOiBmWJgJcZRZ',1491433480,1491433586,'Y'),(9,59,'aFy85GWDIg4bFsNus4e45DV3OcBW8pF',1491433650,1491433825,'Y'),(10,59,'1ZiRfMrMUYLeei5fqARcqOf6uBeo64WZ',1491433942,1491434045,'Y'),(11,59,'o80TOwci1nDtZ6HZ5ZoCOtgL3GuXmAK',1491434200,1491434637,'Y');

/*Table structure for table `success_logins` */

DROP TABLE IF EXISTS `success_logins`;

CREATE TABLE `success_logins` (
  `id` int(10) unsigned NOT NULL AUTO_INCREMENT,
  `usersId` int(10) unsigned NOT NULL,
  `ipAddress` char(15) NOT NULL,
  `userAgent` text NOT NULL,
  PRIMARY KEY (`id`),
  KEY `usersId` (`usersId`)
) ENGINE=InnoDB AUTO_INCREMENT=407 DEFAULT CHARSET=utf8;

/*Data for the table `success_logins` */

insert  into `success_logins`(`id`,`usersId`,`ipAddress`,`userAgent`) values (26,18,'::1','Mozilla/5.0 (Windows NT 10.0; Win64; x64) AppleWebKit/537.36 (KHTML, like Gecko) Chrome/56.0.2924.87 Safari/537.36'),(27,18,'::1','Mozilla/5.0 (Windows NT 10.0; Win64; x64; rv:51.0) Gecko/20100101 Firefox/51.0'),(28,18,'::1','Mozilla/5.0 (Windows NT 10.0; Win64; x64) AppleWebKit/537.36 (KHTML, like Gecko) Chrome/56.0.2924.87 Safari/537.36'),(29,18,'::1','Mozilla/5.0 (Windows NT 10.0; Win64; x64; rv:51.0) Gecko/20100101 Firefox/51.0'),(30,20,'::1','Mozilla/5.0 (Windows NT 10.0; Win64; x64) AppleWebKit/537.36 (KHTML, like Gecko) Chrome/56.0.2924.87 Safari/537.36'),(31,18,'::1','Mozilla/5.0 (Windows NT 10.0; Win64; x64; rv:51.0) Gecko/20100101 Firefox/51.0'),(32,18,'::1','Mozilla/5.0 (Windows NT 10.0; Win64; x64; rv:51.0) Gecko/20100101 Firefox/51.0'),(33,18,'::1','Mozilla/5.0 (Windows NT 10.0; Win64; x64; rv:51.0) Gecko/20100101 Firefox/51.0'),(34,18,'::1','Mozilla/5.0 (Windows NT 10.0; Win64; x64) AppleWebKit/537.36 (KHTML, like Gecko) Chrome/56.0.2924.87 Safari/537.36'),(35,18,'::1','Mozilla/5.0 (Windows NT 10.0; Win64; x64; rv:51.0) Gecko/20100101 Firefox/51.0'),(36,18,'::1','Mozilla/5.0 (Windows NT 10.0; Win64; x64; rv:51.0) Gecko/20100101 Firefox/51.0'),(37,18,'::1','Mozilla/5.0 (Windows NT 10.0; Win64; x64; rv:51.0) Gecko/20100101 Firefox/51.0'),(38,18,'::1','Mozilla/5.0 (Windows NT 10.0; Win64; x64; rv:51.0) Gecko/20100101 Firefox/51.0'),(39,18,'::1','Mozilla/5.0 (Windows NT 10.0; Win64; x64; rv:51.0) Gecko/20100101 Firefox/51.0'),(40,20,'::1','Mozilla/5.0 (Windows NT 10.0; Win64; x64; rv:51.0) Gecko/20100101 Firefox/51.0'),(41,20,'::1','Mozilla/5.0 (Windows NT 10.0; Win64; x64; rv:51.0) Gecko/20100101 Firefox/51.0'),(42,18,'::1','Mozilla/5.0 (Windows NT 10.0; Win64; x64; rv:51.0) Gecko/20100101 Firefox/51.0'),(43,20,'::1','Mozilla/5.0 (Windows NT 10.0; Win64; x64; rv:51.0) Gecko/20100101 Firefox/51.0'),(44,18,'::1','Mozilla/5.0 (Windows NT 10.0; Win64; x64; rv:51.0) Gecko/20100101 Firefox/51.0'),(45,20,'::1','Mozilla/5.0 (Windows NT 10.0; Win64; x64; rv:51.0) Gecko/20100101 Firefox/51.0'),(46,18,'::1','Mozilla/5.0 (Windows NT 10.0; Win64; x64; rv:51.0) Gecko/20100101 Firefox/51.0'),(47,18,'::1','Mozilla/5.0 (Windows NT 10.0; Win64; x64; rv:51.0) Gecko/20100101 Firefox/51.0'),(48,18,'::1','Mozilla/5.0 (Windows NT 10.0; Win64; x64; rv:51.0) Gecko/20100101 Firefox/51.0'),(49,18,'::1','Mozilla/5.0 (Windows NT 10.0; Win64; x64) AppleWebKit/537.36 (KHTML, like Gecko) Chrome/56.0.2924.87 Safari/537.36'),(50,18,'::1','Mozilla/5.0 (Windows NT 10.0; Win64; x64; rv:51.0) Gecko/20100101 Firefox/51.0'),(51,18,'::1','Mozilla/5.0 (Windows NT 10.0; Win64; x64; rv:51.0) Gecko/20100101 Firefox/51.0'),(52,18,'::1','Mozilla/5.0 (Windows NT 10.0; Win64; x64; rv:51.0) Gecko/20100101 Firefox/51.0'),(53,18,'::1','Mozilla/5.0 (Windows NT 10.0; Win64; x64; rv:51.0) Gecko/20100101 Firefox/51.0'),(54,18,'::1','Mozilla/5.0 (Windows NT 10.0; Win64; x64) AppleWebKit/537.36 (KHTML, like Gecko) Chrome/56.0.2924.87 Safari/537.36'),(55,18,'::1','Mozilla/5.0 (Windows NT 10.0; Win64; x64) AppleWebKit/537.36 (KHTML, like Gecko) Chrome/56.0.2924.87 Safari/537.36'),(56,18,'::1','Mozilla/5.0 (Windows NT 10.0; Win64; x64; rv:51.0) Gecko/20100101 Firefox/51.0'),(57,18,'::1','Mozilla/5.0 (Windows NT 10.0; Win64; x64; rv:51.0) Gecko/20100101 Firefox/51.0'),(58,18,'::1','Mozilla/5.0 (Windows NT 10.0; Win64; x64) AppleWebKit/537.36 (KHTML, like Gecko) Chrome/56.0.2924.87 Safari/537.36'),(59,18,'::1','Mozilla/5.0 (Windows NT 10.0; Win64; x64) AppleWebKit/537.36 (KHTML, like Gecko) Chrome/56.0.2924.87 Safari/537.36'),(60,18,'::1','Mozilla/5.0 (Windows NT 10.0; Win64; x64; rv:51.0) Gecko/20100101 Firefox/51.0'),(61,18,'::1','Mozilla/5.0 (Windows NT 10.0; Win64; x64; rv:51.0) Gecko/20100101 Firefox/51.0'),(62,18,'::1','Mozilla/5.0 (Windows NT 10.0; Win64; x64) AppleWebKit/537.36 (KHTML, like Gecko) Chrome/56.0.2924.87 Safari/537.36'),(63,18,'::1','Mozilla/5.0 (Windows NT 10.0; Win64; x64; rv:51.0) Gecko/20100101 Firefox/51.0'),(64,18,'::1','Mozilla/5.0 (Windows NT 10.0; Win64; x64) AppleWebKit/537.36 (KHTML, like Gecko) Chrome/56.0.2924.87 Safari/537.36'),(65,18,'::1','Mozilla/5.0 (Windows NT 10.0; Win64; x64) AppleWebKit/537.36 (KHTML, like Gecko) Chrome/56.0.2924.87 Safari/537.36'),(66,18,'::1','Mozilla/5.0 (Windows NT 10.0; Win64; x64) AppleWebKit/537.36 (KHTML, like Gecko) Chrome/56.0.2924.87 Safari/537.36'),(67,18,'::1','Mozilla/5.0 (Windows NT 10.0; Win64; x64) AppleWebKit/537.36 (KHTML, like Gecko) Chrome/56.0.2924.87 Safari/537.36'),(68,18,'::1','Mozilla/5.0 (Windows NT 10.0; Win64; x64; rv:51.0) Gecko/20100101 Firefox/51.0'),(69,18,'::1','Mozilla/5.0 (Windows NT 10.0; Win64; x64; rv:51.0) Gecko/20100101 Firefox/51.0'),(70,18,'::1','Mozilla/5.0 (Windows NT 10.0; Win64; x64) AppleWebKit/537.36 (KHTML, like Gecko) Chrome/56.0.2924.87 Safari/537.36'),(71,18,'::1','Mozilla/5.0 (Windows NT 10.0; Win64; x64; rv:51.0) Gecko/20100101 Firefox/51.0'),(72,18,'::1','Mozilla/5.0 (Windows NT 10.0; Win64; x64; rv:51.0) Gecko/20100101 Firefox/51.0'),(73,29,'::1','Mozilla/5.0 (Windows NT 10.0; Win64; x64; rv:51.0) Gecko/20100101 Firefox/51.0'),(74,29,'::1','Mozilla/5.0 (Windows NT 10.0; Win64; x64; rv:51.0) Gecko/20100101 Firefox/51.0'),(75,29,'::1','Mozilla/5.0 (Windows NT 10.0; Win64; x64; rv:51.0) Gecko/20100101 Firefox/51.0'),(76,18,'::1','Mozilla/5.0 (Windows NT 10.0; Win64; x64; rv:51.0) Gecko/20100101 Firefox/51.0'),(77,29,'::1','Mozilla/5.0 (Windows NT 10.0; Win64; x64; rv:51.0) Gecko/20100101 Firefox/51.0'),(78,18,'::1','Mozilla/5.0 (Windows NT 10.0; Win64; x64; rv:51.0) Gecko/20100101 Firefox/51.0'),(79,18,'::1','Mozilla/5.0 (Windows NT 10.0; Win64; x64) AppleWebKit/537.36 (KHTML, like Gecko) Chrome/56.0.2924.87 Safari/537.36'),(80,18,'::1','Mozilla/5.0 (Windows NT 10.0; Win64; x64; rv:51.0) Gecko/20100101 Firefox/51.0'),(81,18,'::1','Mozilla/5.0 (Windows NT 10.0; Win64; x64; rv:51.0) Gecko/20100101 Firefox/51.0'),(82,18,'::1','Mozilla/5.0 (Windows NT 10.0; Win64; x64; rv:51.0) Gecko/20100101 Firefox/51.0'),(83,18,'::1','Mozilla/5.0 (Windows NT 10.0; Win64; x64; rv:51.0) Gecko/20100101 Firefox/51.0'),(84,18,'::1','Mozilla/5.0 (Windows NT 10.0; Win64; x64) AppleWebKit/537.36 (KHTML, like Gecko) Chrome/56.0.2924.87 Safari/537.36'),(85,18,'::1','Mozilla/5.0 (Windows NT 10.0; Win64; x64; rv:51.0) Gecko/20100101 Firefox/51.0'),(86,18,'::1','Mozilla/5.0 (Windows NT 10.0; Win64; x64) AppleWebKit/537.36 (KHTML, like Gecko) Chrome/56.0.2924.87 Safari/537.36'),(87,18,'::1','Mozilla/5.0 (Windows NT 10.0; Win64; x64; rv:51.0) Gecko/20100101 Firefox/51.0'),(88,18,'::1','Mozilla/5.0 (Windows NT 10.0; Win64; x64; rv:51.0) Gecko/20100101 Firefox/51.0'),(89,18,'::1','Mozilla/5.0 (Windows NT 10.0; Win64; x64; rv:51.0) Gecko/20100101 Firefox/51.0'),(90,18,'::1','Mozilla/5.0 (Windows NT 10.0; Win64; x64; rv:51.0) Gecko/20100101 Firefox/51.0'),(91,18,'::1','Mozilla/5.0 (Windows NT 10.0; Win64; x64; rv:51.0) Gecko/20100101 Firefox/51.0'),(92,18,'::1','Mozilla/5.0 (Windows NT 10.0; Win64; x64; rv:51.0) Gecko/20100101 Firefox/51.0'),(93,18,'::1','Mozilla/5.0 (Windows NT 10.0; Win64; x64; rv:51.0) Gecko/20100101 Firefox/51.0'),(94,18,'::1','Mozilla/5.0 (Windows NT 10.0; Win64; x64; rv:51.0) Gecko/20100101 Firefox/51.0'),(95,18,'::1','Mozilla/5.0 (Windows NT 10.0; Win64; x64; rv:51.0) Gecko/20100101 Firefox/51.0'),(96,18,'::1','Mozilla/5.0 (Windows NT 10.0; Win64; x64; rv:51.0) Gecko/20100101 Firefox/51.0'),(97,29,'::1','Mozilla/5.0 (Windows NT 10.0; Win64; x64; rv:51.0) Gecko/20100101 Firefox/51.0'),(98,18,'::1','Mozilla/5.0 (Windows NT 10.0; Win64; x64; rv:51.0) Gecko/20100101 Firefox/51.0'),(99,29,'::1','Mozilla/5.0 (Windows NT 10.0; Win64; x64; rv:51.0) Gecko/20100101 Firefox/51.0'),(100,29,'::1','Mozilla/5.0 (Windows NT 10.0; Win64; x64; rv:51.0) Gecko/20100101 Firefox/51.0'),(101,18,'::1','Mozilla/5.0 (Windows NT 10.0; Win64; x64; rv:51.0) Gecko/20100101 Firefox/51.0'),(102,18,'::1','Mozilla/5.0 (Windows NT 10.0; Win64; x64) AppleWebKit/537.36 (KHTML, like Gecko) Chrome/56.0.2924.87 Safari/537.36'),(103,29,'::1','Mozilla/5.0 (Windows NT 10.0; Win64; x64) AppleWebKit/537.36 (KHTML, like Gecko) Chrome/56.0.2924.87 Safari/537.36'),(104,18,'::1','Mozilla/5.0 (Windows NT 10.0; Win64; x64) AppleWebKit/537.36 (KHTML, like Gecko) Chrome/56.0.2924.87 Safari/537.36'),(105,29,'::1','Mozilla/5.0 (Windows NT 10.0; Win64; x64) AppleWebKit/537.36 (KHTML, like Gecko) Chrome/56.0.2924.87 Safari/537.36'),(106,18,'::1','Mozilla/5.0 (Windows NT 10.0; Win64; x64) AppleWebKit/537.36 (KHTML, like Gecko) Chrome/56.0.2924.87 Safari/537.36'),(107,29,'::1','Mozilla/5.0 (Windows NT 10.0; Win64; x64) AppleWebKit/537.36 (KHTML, like Gecko) Chrome/56.0.2924.87 Safari/537.36'),(108,29,'::1','Mozilla/5.0 (Windows NT 10.0; Win64; x64; rv:51.0) Gecko/20100101 Firefox/51.0'),(109,18,'::1','Mozilla/5.0 (Windows NT 10.0; Win64; x64; rv:51.0) Gecko/20100101 Firefox/51.0'),(110,18,'::1','Mozilla/5.0 (Windows NT 10.0; Win64; x64) AppleWebKit/537.36 (KHTML, like Gecko) Chrome/56.0.2924.87 Safari/537.36'),(111,18,'::1','Mozilla/5.0 (Windows NT 10.0; Win64; x64) AppleWebKit/537.36 (KHTML, like Gecko) Chrome/56.0.2924.87 Safari/537.36'),(112,18,'::1','Mozilla/5.0 (Windows NT 10.0; Win64; x64) AppleWebKit/537.36 (KHTML, like Gecko) Chrome/56.0.2924.87 Safari/537.36'),(113,18,'::1','Mozilla/5.0 (Windows NT 10.0; Win64; x64; rv:51.0) Gecko/20100101 Firefox/51.0'),(114,18,'::1','Mozilla/5.0 (Windows NT 10.0; Win64; x64; rv:51.0) Gecko/20100101 Firefox/51.0'),(115,18,'::1','Mozilla/5.0 (Windows NT 10.0; Win64; x64; rv:51.0) Gecko/20100101 Firefox/51.0'),(116,18,'::1','Mozilla/5.0 (Windows NT 10.0; Win64; x64) AppleWebKit/537.36 (KHTML, like Gecko) Chrome/56.0.2924.87 Safari/537.36'),(117,18,'::1','Mozilla/5.0 (Windows NT 10.0; Win64; x64; rv:51.0) Gecko/20100101 Firefox/51.0'),(118,18,'::1','Mozilla/5.0 (Windows NT 10.0; Win64; x64; rv:51.0) Gecko/20100101 Firefox/51.0'),(119,29,'::1','Mozilla/5.0 (Windows NT 10.0; Win64; x64; rv:51.0) Gecko/20100101 Firefox/51.0'),(120,18,'::1','Mozilla/5.0 (Windows NT 10.0; Win64; x64; rv:51.0) Gecko/20100101 Firefox/51.0'),(121,29,'::1','Mozilla/5.0 (Windows NT 10.0; Win64; x64; rv:51.0) Gecko/20100101 Firefox/51.0'),(122,18,'::1','Mozilla/5.0 (Windows NT 10.0; Win64; x64; rv:51.0) Gecko/20100101 Firefox/51.0'),(123,29,'::1','Mozilla/5.0 (Windows NT 10.0; Win64; x64; rv:51.0) Gecko/20100101 Firefox/51.0'),(124,18,'::1','Mozilla/5.0 (Windows NT 10.0; Win64; x64; rv:51.0) Gecko/20100101 Firefox/51.0'),(125,29,'::1','Mozilla/5.0 (Windows NT 10.0; Win64; x64; rv:51.0) Gecko/20100101 Firefox/51.0'),(126,18,'::1','Mozilla/5.0 (Windows NT 10.0; Win64; x64; rv:51.0) Gecko/20100101 Firefox/51.0'),(127,29,'::1','Mozilla/5.0 (Windows NT 10.0; Win64; x64; rv:51.0) Gecko/20100101 Firefox/51.0'),(128,18,'::1','Mozilla/5.0 (Windows NT 10.0; Win64; x64; rv:51.0) Gecko/20100101 Firefox/51.0'),(129,18,'::1','Mozilla/5.0 (Windows NT 10.0; Win64; x64; rv:51.0) Gecko/20100101 Firefox/51.0'),(130,29,'::1','Mozilla/5.0 (Windows NT 10.0; Win64; x64; rv:51.0) Gecko/20100101 Firefox/51.0'),(131,18,'::1','Mozilla/5.0 (Windows NT 10.0; Win64; x64; rv:51.0) Gecko/20100101 Firefox/51.0'),(132,18,'::1','Mozilla/5.0 (Windows NT 10.0; Win64; x64; rv:51.0) Gecko/20100101 Firefox/51.0'),(133,18,'::1','Mozilla/5.0 (Windows NT 10.0; Win64; x64; rv:51.0) Gecko/20100101 Firefox/51.0'),(134,18,'::1','Mozilla/5.0 (Windows NT 10.0; Win64; x64; rv:52.0) Gecko/20100101 Firefox/52.0'),(135,18,'::1','Mozilla/5.0 (Windows NT 10.0; Win64; x64; rv:52.0) Gecko/20100101 Firefox/52.0'),(136,18,'::1','Mozilla/5.0 (Windows NT 10.0; Win64; x64) AppleWebKit/537.36 (KHTML, like Gecko) Chrome/56.0.2924.87 Safari/537.36'),(137,18,'::1','Mozilla/5.0 (Windows NT 10.0; Win64; x64; rv:52.0) Gecko/20100101 Firefox/52.0'),(138,29,'::1','Mozilla/5.0 (Windows NT 10.0; Win64; x64; rv:52.0) Gecko/20100101 Firefox/52.0'),(139,18,'::1','Mozilla/5.0 (Windows NT 10.0; Win64; x64) AppleWebKit/537.36 (KHTML, like Gecko) Chrome/56.0.2924.87 Safari/537.36'),(140,29,'::1','Mozilla/5.0 (Windows NT 10.0; Win64; x64) AppleWebKit/537.36 (KHTML, like Gecko) Chrome/56.0.2924.87 Safari/537.36'),(141,18,'::1','Mozilla/5.0 (Windows NT 10.0; Win64; x64) AppleWebKit/537.36 (KHTML, like Gecko) Chrome/56.0.2924.87 Safari/537.36'),(142,29,'::1','Mozilla/5.0 (Windows NT 10.0; Win64; x64) AppleWebKit/537.36 (KHTML, like Gecko) Chrome/56.0.2924.87 Safari/537.36'),(143,29,'::1','Mozilla/5.0 (Windows NT 10.0; Win64; x64) AppleWebKit/537.36 (KHTML, like Gecko) Chrome/56.0.2924.87 Safari/537.36'),(144,18,'::1','Mozilla/5.0 (Windows NT 10.0; Win64; x64) AppleWebKit/537.36 (KHTML, like Gecko) Chrome/56.0.2924.87 Safari/537.36'),(145,29,'::1','Mozilla/5.0 (Windows NT 10.0; Win64; x64) AppleWebKit/537.36 (KHTML, like Gecko) Chrome/56.0.2924.87 Safari/537.36'),(146,18,'::1','Mozilla/5.0 (Windows NT 10.0; Win64; x64) AppleWebKit/537.36 (KHTML, like Gecko) Chrome/56.0.2924.87 Safari/537.36'),(147,29,'::1','Mozilla/5.0 (Windows NT 10.0; Win64; x64) AppleWebKit/537.36 (KHTML, like Gecko) Chrome/56.0.2924.87 Safari/537.36'),(148,18,'::1','Mozilla/5.0 (Windows NT 10.0; Win64; x64) AppleWebKit/537.36 (KHTML, like Gecko) Chrome/56.0.2924.87 Safari/537.36'),(149,18,'::1','Mozilla/5.0 (Windows NT 10.0; Win64; x64) AppleWebKit/537.36 (KHTML, like Gecko) Chrome/56.0.2924.87 Safari/537.36'),(150,29,'::1','Mozilla/5.0 (Windows NT 10.0; Win64; x64) AppleWebKit/537.36 (KHTML, like Gecko) Chrome/56.0.2924.87 Safari/537.36'),(151,29,'::1','Mozilla/5.0 (Windows NT 10.0; Win64; x64) AppleWebKit/537.36 (KHTML, like Gecko) Chrome/56.0.2924.87 Safari/537.36'),(152,18,'::1','Mozilla/5.0 (Windows NT 10.0; Win64; x64) AppleWebKit/537.36 (KHTML, like Gecko) Chrome/56.0.2924.87 Safari/537.36'),(153,18,'::1','Mozilla/5.0 (Windows NT 10.0; Win64; x64) AppleWebKit/537.36 (KHTML, like Gecko) Chrome/56.0.2924.87 Safari/537.36'),(154,18,'::1','Mozilla/5.0 (Windows NT 10.0; Win64; x64) AppleWebKit/537.36 (KHTML, like Gecko) Chrome/56.0.2924.87 Safari/537.36'),(155,18,'::1','Mozilla/5.0 (Windows NT 10.0; Win64; x64) AppleWebKit/537.36 (KHTML, like Gecko) Chrome/56.0.2924.87 Safari/537.36'),(156,18,'::1','Mozilla/5.0 (Windows NT 10.0; Win64; x64; rv:52.0) Gecko/20100101 Firefox/52.0'),(157,29,'::1','Mozilla/5.0 (Windows NT 10.0; Win64; x64; rv:52.0) Gecko/20100101 Firefox/52.0'),(158,18,'::1','Mozilla/5.0 (Windows NT 10.0; Win64; x64; rv:52.0) Gecko/20100101 Firefox/52.0'),(159,29,'::1','Mozilla/5.0 (Windows NT 10.0; Win64; x64; rv:52.0) Gecko/20100101 Firefox/52.0'),(160,18,'::1','Mozilla/5.0 (Windows NT 10.0; Win64; x64; rv:52.0) Gecko/20100101 Firefox/52.0'),(161,29,'::1','Mozilla/5.0 (Windows NT 10.0; Win64; x64; rv:52.0) Gecko/20100101 Firefox/52.0'),(162,18,'::1','Mozilla/5.0 (Windows NT 10.0; Win64; x64; rv:52.0) Gecko/20100101 Firefox/52.0'),(163,18,'::1','Mozilla/5.0 (Windows NT 10.0; Win64; x64) AppleWebKit/537.36 (KHTML, like Gecko) Chrome/56.0.2924.87 Safari/537.36'),(164,29,'::1','Mozilla/5.0 (Windows NT 10.0; Win64; x64) AppleWebKit/537.36 (KHTML, like Gecko) Chrome/56.0.2924.87 Safari/537.36'),(165,18,'::1','Mozilla/5.0 (Windows NT 10.0; Win64; x64) AppleWebKit/537.36 (KHTML, like Gecko) Chrome/56.0.2924.87 Safari/537.36'),(166,18,'::1','Mozilla/5.0 (Windows NT 10.0; Win64; x64) AppleWebKit/537.36 (KHTML, like Gecko) Chrome/56.0.2924.87 Safari/537.36'),(167,29,'::1','Mozilla/5.0 (Windows NT 10.0; Win64; x64) AppleWebKit/537.36 (KHTML, like Gecko) Chrome/56.0.2924.87 Safari/537.36'),(168,18,'::1','Mozilla/5.0 (Windows NT 10.0; Win64; x64) AppleWebKit/537.36 (KHTML, like Gecko) Chrome/56.0.2924.87 Safari/537.36'),(169,18,'::1','Mozilla/5.0 (Windows NT 10.0; Win64; x64; rv:52.0) Gecko/20100101 Firefox/52.0'),(170,18,'::1','Mozilla/5.0 (Windows NT 10.0; Win64; x64; rv:52.0) Gecko/20100101 Firefox/52.0'),(171,18,'::1','Mozilla/5.0 (Windows NT 10.0; Win64; x64; rv:52.0) Gecko/20100101 Firefox/52.0'),(172,18,'::1','Mozilla/5.0 (Windows NT 10.0; Win64; x64) AppleWebKit/537.36 (KHTML, like Gecko) Chrome/56.0.2924.87 Safari/537.36'),(173,18,'::1','Mozilla/5.0 (Windows NT 10.0; Win64; x64) AppleWebKit/537.36 (KHTML, like Gecko) Chrome/56.0.2924.87 Safari/537.36'),(174,29,'::1','Mozilla/5.0 (Windows NT 10.0; Win64; x64; rv:52.0) Gecko/20100101 Firefox/52.0'),(175,18,'::1','Mozilla/5.0 (Windows NT 10.0; Win64; x64) AppleWebKit/537.36 (KHTML, like Gecko) Chrome/56.0.2924.87 Safari/537.36'),(176,29,'::1','Mozilla/5.0 (Windows NT 10.0; Win64; x64; rv:52.0) Gecko/20100101 Firefox/52.0'),(177,18,'::1','Mozilla/5.0 (Windows NT 10.0; Win64; x64; rv:52.0) Gecko/20100101 Firefox/52.0'),(178,18,'::1','Mozilla/5.0 (Windows NT 10.0; Win64; x64; rv:52.0) Gecko/20100101 Firefox/52.0'),(179,18,'::1','Mozilla/5.0 (Windows NT 10.0; Win64; x64) AppleWebKit/537.36 (KHTML, like Gecko) Chrome/56.0.2924.87 Safari/537.36'),(180,39,'::1','Mozilla/5.0 (Windows NT 10.0; Win64; x64) AppleWebKit/537.36 (KHTML, like Gecko) Chrome/56.0.2924.87 Safari/537.36'),(181,39,'::1','Mozilla/5.0 (Windows NT 10.0; Win64; x64; rv:52.0) Gecko/20100101 Firefox/52.0'),(182,18,'::1','Mozilla/5.0 (Windows NT 10.0; Win64; x64; rv:52.0) Gecko/20100101 Firefox/52.0'),(183,39,'::1','Mozilla/5.0 (Windows NT 10.0; Win64; x64; rv:52.0) Gecko/20100101 Firefox/52.0'),(184,18,'::1','Mozilla/5.0 (Windows NT 10.0; Win64; x64; rv:52.0) Gecko/20100101 Firefox/52.0'),(185,39,'::1','Mozilla/5.0 (Windows NT 10.0; Win64; x64; rv:52.0) Gecko/20100101 Firefox/52.0'),(186,18,'::1','Mozilla/5.0 (Windows NT 10.0; Win64; x64; rv:52.0) Gecko/20100101 Firefox/52.0'),(187,39,'::1','Mozilla/5.0 (Windows NT 10.0; Win64; x64; rv:52.0) Gecko/20100101 Firefox/52.0'),(188,18,'::1','Mozilla/5.0 (Windows NT 10.0; Win64; x64; rv:52.0) Gecko/20100101 Firefox/52.0'),(189,18,'::1','Mozilla/5.0 (Windows NT 10.0; Win64; x64) AppleWebKit/537.36 (KHTML, like Gecko) Chrome/56.0.2924.87 Safari/537.36'),(190,18,'::1','Mozilla/5.0 (Windows NT 10.0; Win64; x64) AppleWebKit/537.36 (KHTML, like Gecko) Chrome/56.0.2924.87 Safari/537.36'),(191,18,'::1','Mozilla/5.0 (Windows NT 10.0; Win64; x64) AppleWebKit/537.36 (KHTML, like Gecko) Chrome/56.0.2924.87 Safari/537.36'),(192,18,'::1','Mozilla/5.0 (Windows NT 10.0; Win64; x64) AppleWebKit/537.36 (KHTML, like Gecko) Chrome/56.0.2924.87 Safari/537.36'),(193,18,'::1','Mozilla/5.0 (Windows NT 10.0; Win64; x64) AppleWebKit/537.36 (KHTML, like Gecko) Chrome/56.0.2924.87 Safari/537.36'),(194,18,'::1','Mozilla/5.0 (Windows NT 10.0; Win64; x64) AppleWebKit/537.36 (KHTML, like Gecko) Chrome/56.0.2924.87 Safari/537.36'),(195,18,'::1','Mozilla/5.0 (Windows NT 10.0; Win64; x64) AppleWebKit/537.36 (KHTML, like Gecko) Chrome/56.0.2924.87 Safari/537.36'),(196,18,'::1','Mozilla/5.0 (Windows NT 10.0; Win64; x64) AppleWebKit/537.36 (KHTML, like Gecko) Chrome/56.0.2924.87 Safari/537.36'),(197,18,'::1','Mozilla/5.0 (Windows NT 10.0; Win64; x64; rv:52.0) Gecko/20100101 Firefox/52.0'),(198,39,'::1','Mozilla/5.0 (Windows NT 10.0; Win64; x64; rv:52.0) Gecko/20100101 Firefox/52.0'),(199,18,'::1','Mozilla/5.0 (Windows NT 10.0; Win64; x64; rv:52.0) Gecko/20100101 Firefox/52.0'),(200,39,'::1','Mozilla/5.0 (Windows NT 10.0; Win64; x64; rv:52.0) Gecko/20100101 Firefox/52.0'),(201,18,'::1','Mozilla/5.0 (Windows NT 10.0; Win64; x64; rv:52.0) Gecko/20100101 Firefox/52.0'),(202,18,'::1','Mozilla/5.0 (Windows NT 10.0; Win64; x64; rv:52.0) Gecko/20100101 Firefox/52.0'),(203,18,'::1','Mozilla/5.0 (Windows NT 10.0; Win64; x64; rv:52.0) Gecko/20100101 Firefox/52.0'),(204,18,'::1','Mozilla/5.0 (Windows NT 10.0; Win64; x64) AppleWebKit/537.36 (KHTML, like Gecko) Chrome/56.0.2924.87 Safari/537.36'),(205,18,'::1','Mozilla/5.0 (Windows NT 10.0; Win64; x64; rv:52.0) Gecko/20100101 Firefox/52.0'),(206,18,'::1','Mozilla/5.0 (Windows NT 10.0; Win64; x64; rv:52.0) Gecko/20100101 Firefox/52.0'),(207,18,'::1','Mozilla/5.0 (Windows NT 10.0; Win64; x64) AppleWebKit/537.36 (KHTML, like Gecko) Chrome/56.0.2924.87 Safari/537.36'),(208,18,'::1','Mozilla/5.0 (Windows NT 10.0; Win64; x64; rv:52.0) Gecko/20100101 Firefox/52.0'),(209,18,'::1','Mozilla/5.0 (Windows NT 10.0; Win64; x64; rv:52.0) Gecko/20100101 Firefox/52.0'),(210,18,'::1','Mozilla/5.0 (Windows NT 10.0; Win64; x64) AppleWebKit/537.36 (KHTML, like Gecko) Chrome/56.0.2924.87 Safari/537.36'),(211,18,'::1','Mozilla/5.0 (Windows NT 10.0; Win64; x64) AppleWebKit/537.36 (KHTML, like Gecko) Chrome/56.0.2924.87 Safari/537.36'),(212,18,'::1','Mozilla/5.0 (Windows NT 10.0; Win64; x64) AppleWebKit/537.36 (KHTML, like Gecko) Chrome/56.0.2924.87 Safari/537.36'),(213,18,'::1','Mozilla/5.0 (Windows NT 10.0; Win64; x64) AppleWebKit/537.36 (KHTML, like Gecko) Chrome/56.0.2924.87 Safari/537.36'),(214,18,'::1','Mozilla/5.0 (Windows NT 10.0; Win64; x64) AppleWebKit/537.36 (KHTML, like Gecko) Chrome/56.0.2924.87 Safari/537.36'),(215,18,'::1','Mozilla/5.0 (Windows NT 10.0; Win64; x64) AppleWebKit/537.36 (KHTML, like Gecko) Chrome/56.0.2924.87 Safari/537.36'),(216,18,'::1','Mozilla/5.0 (Windows NT 10.0; Win64; x64) AppleWebKit/537.36 (KHTML, like Gecko) Chrome/56.0.2924.87 Safari/537.36'),(217,18,'::1','Mozilla/5.0 (Windows NT 10.0; Win64; x64) AppleWebKit/537.36 (KHTML, like Gecko) Chrome/56.0.2924.87 Safari/537.36'),(218,18,'::1','Mozilla/5.0 (Windows NT 10.0; Win64; x64) AppleWebKit/537.36 (KHTML, like Gecko) Chrome/56.0.2924.87 Safari/537.36'),(219,18,'::1','Mozilla/5.0 (Windows NT 10.0; Win64; x64) AppleWebKit/537.36 (KHTML, like Gecko) Chrome/56.0.2924.87 Safari/537.36'),(220,18,'::1','Mozilla/5.0 (Windows NT 10.0; Win64; x64) AppleWebKit/537.36 (KHTML, like Gecko) Chrome/56.0.2924.87 Safari/537.36'),(221,18,'::1','Mozilla/5.0 (Windows NT 10.0; Win64; x64) AppleWebKit/537.36 (KHTML, like Gecko) Chrome/56.0.2924.87 Safari/537.36'),(222,18,'::1','Mozilla/5.0 (Windows NT 10.0; Win64; x64) AppleWebKit/537.36 (KHTML, like Gecko) Chrome/56.0.2924.87 Safari/537.36'),(223,29,'::1','Mozilla/5.0 (Windows NT 10.0; Win64; x64) AppleWebKit/537.36 (KHTML, like Gecko) Chrome/56.0.2924.87 Safari/537.36'),(224,18,'::1','Mozilla/5.0 (Windows NT 10.0; Win64; x64) AppleWebKit/537.36 (KHTML, like Gecko) Chrome/56.0.2924.87 Safari/537.36'),(225,29,'::1','Mozilla/5.0 (Windows NT 10.0; Win64; x64) AppleWebKit/537.36 (KHTML, like Gecko) Chrome/56.0.2924.87 Safari/537.36'),(226,29,'::1','Mozilla/5.0 (Windows NT 10.0; Win64; x64) AppleWebKit/537.36 (KHTML, like Gecko) Chrome/56.0.2924.87 Safari/537.36'),(227,18,'::1','Mozilla/5.0 (Windows NT 10.0; Win64; x64) AppleWebKit/537.36 (KHTML, like Gecko) Chrome/56.0.2924.87 Safari/537.36'),(228,18,'::1','Mozilla/5.0 (Windows NT 10.0; Win64; x64; rv:52.0) Gecko/20100101 Firefox/52.0'),(229,18,'::1','Mozilla/5.0 (Windows NT 10.0; Win64; x64) AppleWebKit/537.36 (KHTML, like Gecko) Chrome/56.0.2924.87 Safari/537.36'),(230,29,'::1','Mozilla/5.0 (Windows NT 10.0; Win64; x64) AppleWebKit/537.36 (KHTML, like Gecko) Chrome/56.0.2924.87 Safari/537.36'),(231,18,'::1','Mozilla/5.0 (Windows NT 10.0; Win64; x64) AppleWebKit/537.36 (KHTML, like Gecko) Chrome/56.0.2924.87 Safari/537.36'),(232,18,'::1','Mozilla/5.0 (Windows NT 10.0; Win64; x64; rv:52.0) Gecko/20100101 Firefox/52.0'),(233,29,'::1','Mozilla/5.0 (Windows NT 10.0; Win64; x64) AppleWebKit/537.36 (KHTML, like Gecko) Chrome/56.0.2924.87 Safari/537.36'),(234,18,'::1','Mozilla/5.0 (Windows NT 10.0; Win64; x64) AppleWebKit/537.36 (KHTML, like Gecko) Chrome/56.0.2924.87 Safari/537.36'),(235,29,'::1','Mozilla/5.0 (Windows NT 10.0; Win64; x64) AppleWebKit/537.36 (KHTML, like Gecko) Chrome/56.0.2924.87 Safari/537.36'),(236,29,'::1','Mozilla/5.0 (Windows NT 10.0; Win64; x64) AppleWebKit/537.36 (KHTML, like Gecko) Chrome/56.0.2924.87 Safari/537.36'),(237,39,'::1','Mozilla/5.0 (Windows NT 10.0; Win64; x64) AppleWebKit/537.36 (KHTML, like Gecko) Chrome/56.0.2924.87 Safari/537.36'),(238,39,'::1','Mozilla/5.0 (Windows NT 10.0; Win64; x64; rv:52.0) Gecko/20100101 Firefox/52.0'),(239,18,'::1','Mozilla/5.0 (Windows NT 10.0; Win64; x64) AppleWebKit/537.36 (KHTML, like Gecko) Chrome/56.0.2924.87 Safari/537.36'),(240,39,'::1','Mozilla/5.0 (Windows NT 10.0; Win64; x64) AppleWebKit/537.36 (KHTML, like Gecko) Chrome/56.0.2924.87 Safari/537.36'),(241,39,'::1','Mozilla/5.0 (Windows NT 10.0; Win64; x64) AppleWebKit/537.36 (KHTML, like Gecko) Chrome/56.0.2924.87 Safari/537.36'),(242,18,'::1','Mozilla/5.0 (Windows NT 10.0; Win64; x64) AppleWebKit/537.36 (KHTML, like Gecko) Chrome/56.0.2924.87 Safari/537.36'),(243,39,'::1','Mozilla/5.0 (Windows NT 10.0; Win64; x64) AppleWebKit/537.36 (KHTML, like Gecko) Chrome/56.0.2924.87 Safari/537.36'),(244,18,'::1','Mozilla/5.0 (Windows NT 10.0; Win64; x64) AppleWebKit/537.36 (KHTML, like Gecko) Chrome/56.0.2924.87 Safari/537.36'),(245,18,'::1','Mozilla/5.0 (Windows NT 10.0; Win64; x64) AppleWebKit/537.36 (KHTML, like Gecko) Chrome/56.0.2924.87 Safari/537.36'),(246,18,'::1','Mozilla/5.0 (Windows NT 10.0; Win64; x64) AppleWebKit/537.36 (KHTML, like Gecko) Chrome/56.0.2924.87 Safari/537.36'),(247,29,'::1','Mozilla/5.0 (Windows NT 10.0; Win64; x64) AppleWebKit/537.36 (KHTML, like Gecko) Chrome/56.0.2924.87 Safari/537.36'),(248,18,'::1','Mozilla/5.0 (Windows NT 10.0; Win64; x64) AppleWebKit/537.36 (KHTML, like Gecko) Chrome/56.0.2924.87 Safari/537.36'),(249,39,'::1','Mozilla/5.0 (Windows NT 10.0; Win64; x64) AppleWebKit/537.36 (KHTML, like Gecko) Chrome/56.0.2924.87 Safari/537.36'),(250,18,'::1','Mozilla/5.0 (Windows NT 10.0; Win64; x64) AppleWebKit/537.36 (KHTML, like Gecko) Chrome/56.0.2924.87 Safari/537.36'),(251,39,'::1','Mozilla/5.0 (Windows NT 10.0; Win64; x64) AppleWebKit/537.36 (KHTML, like Gecko) Chrome/56.0.2924.87 Safari/537.36'),(252,29,'::1','Mozilla/5.0 (Windows NT 10.0; Win64; x64) AppleWebKit/537.36 (KHTML, like Gecko) Chrome/56.0.2924.87 Safari/537.36'),(253,29,'::1','Mozilla/5.0 (Windows NT 10.0; Win64; x64) AppleWebKit/537.36 (KHTML, like Gecko) Chrome/56.0.2924.87 Safari/537.36'),(254,39,'::1','Mozilla/5.0 (Windows NT 10.0; Win64; x64) AppleWebKit/537.36 (KHTML, like Gecko) Chrome/56.0.2924.87 Safari/537.36'),(255,18,'::1','Mozilla/5.0 (Windows NT 10.0; Win64; x64) AppleWebKit/537.36 (KHTML, like Gecko) Chrome/56.0.2924.87 Safari/537.36'),(256,18,'::1','Mozilla/5.0 (Windows NT 10.0; Win64; x64) AppleWebKit/537.36 (KHTML, like Gecko) Chrome/56.0.2924.87 Safari/537.36'),(257,18,'::1','Mozilla/5.0 (Windows NT 10.0; Win64; x64) AppleWebKit/537.36 (KHTML, like Gecko) Chrome/56.0.2924.87 Safari/537.36'),(258,18,'::1','Mozilla/5.0 (Windows NT 10.0; Win64; x64) AppleWebKit/537.36 (KHTML, like Gecko) Chrome/56.0.2924.87 Safari/537.36'),(259,58,'::1','Mozilla/5.0 (Windows NT 10.0; Win64; x64) AppleWebKit/537.36 (KHTML, like Gecko) Chrome/56.0.2924.87 Safari/537.36'),(260,59,'::1','Mozilla/5.0 (Windows NT 10.0; Win64; x64) AppleWebKit/537.36 (KHTML, like Gecko) Chrome/56.0.2924.87 Safari/537.36'),(261,18,'::1','Mozilla/5.0 (Linux; Android 6.0; Nexus 5 Build/MRA58N) AppleWebKit/537.36 (KHTML, like Gecko) Chrome/56.0.2924.87 Mobile'),(262,18,'::1','Mozilla/5.0 (Linux; Android 6.0; Nexus 5 Build/MRA58N) AppleWebKit/537.36 (KHTML, like Gecko) Chrome/56.0.2924.87 Mobile'),(263,39,'::1','Mozilla/5.0 (Linux; Android 6.0; Nexus 5 Build/MRA58N) AppleWebKit/537.36 (KHTML, like Gecko) Chrome/56.0.2924.87 Mobile'),(264,18,'::1','Mozilla/5.0 (Linux; Android 6.0; Nexus 5 Build/MRA58N) AppleWebKit/537.36 (KHTML, like Gecko) Chrome/56.0.2924.87 Mobile'),(265,18,'::1','Mozilla/5.0 (Linux; Android 6.0; Nexus 5 Build/MRA58N) AppleWebKit/537.36 (KHTML, like Gecko) Chrome/56.0.2924.87 Mobile'),(266,18,'::1','Mozilla/5.0 (Linux; Android 6.0; Nexus 5 Build/MRA58N) AppleWebKit/537.36 (KHTML, like Gecko) Chrome/56.0.2924.87 Mobile'),(267,18,'::1','Mozilla/5.0 (Linux; Android 6.0; Nexus 5 Build/MRA58N) AppleWebKit/537.36 (KHTML, like Gecko) Chrome/56.0.2924.87 Mobile'),(268,18,'::1','Mozilla/5.0 (Windows NT 10.0; Win64; x64) AppleWebKit/537.36 (KHTML, like Gecko) Chrome/56.0.2924.87 Safari/537.36'),(269,18,'::1','Mozilla/5.0 (Windows NT 10.0; Win64; x64) AppleWebKit/537.36 (KHTML, like Gecko) Chrome/57.0.2987.133 Safari/537.36'),(270,18,'::1','Mozilla/5.0 (Windows NT 10.0; Win64; x64) AppleWebKit/537.36 (KHTML, like Gecko) Chrome/57.0.2987.133 Safari/537.36'),(271,18,'::1','Mozilla/5.0 (Windows NT 10.0; Win64; x64) AppleWebKit/537.36 (KHTML, like Gecko) Chrome/57.0.2987.133 Safari/537.36'),(272,18,'::1','Mozilla/5.0 (Windows NT 10.0; Win64; x64) AppleWebKit/537.36 (KHTML, like Gecko) Chrome/57.0.2987.133 Safari/537.36'),(273,18,'::1','Mozilla/5.0 (Windows NT 10.0; Win64; x64) AppleWebKit/537.36 (KHTML, like Gecko) Chrome/57.0.2987.133 Safari/537.36'),(274,18,'::1','Mozilla/5.0 (Windows NT 10.0; Win64; x64) AppleWebKit/537.36 (KHTML, like Gecko) Chrome/57.0.2987.133 Safari/537.36'),(275,18,'::1','Mozilla/5.0 (Windows NT 10.0; Win64; x64) AppleWebKit/537.36 (KHTML, like Gecko) Chrome/57.0.2987.133 Safari/537.36'),(276,18,'::1','Mozilla/5.0 (Windows NT 10.0; Win64; x64) AppleWebKit/537.36 (KHTML, like Gecko) Chrome/57.0.2987.133 Safari/537.36'),(277,18,'::1','Mozilla/5.0 (Windows NT 10.0; Win64; x64) AppleWebKit/537.36 (KHTML, like Gecko) Chrome/57.0.2987.133 Safari/537.36'),(278,18,'::1','Mozilla/5.0 (Windows NT 10.0; Win64; x64) AppleWebKit/537.36 (KHTML, like Gecko) Chrome/57.0.2987.133 Safari/537.36'),(279,18,'::1','Mozilla/5.0 (Windows NT 10.0; Win64; x64) AppleWebKit/537.36 (KHTML, like Gecko) Chrome/57.0.2987.133 Safari/537.36'),(280,39,'::1','Mozilla/5.0 (Windows NT 10.0; Win64; x64) AppleWebKit/537.36 (KHTML, like Gecko) Chrome/57.0.2987.133 Safari/537.36'),(281,18,'::1','Mozilla/5.0 (Windows NT 10.0; Win64; x64) AppleWebKit/537.36 (KHTML, like Gecko) Chrome/57.0.2987.133 Safari/537.36'),(282,18,'::1','Mozilla/5.0 (Windows NT 10.0; Win64; x64) AppleWebKit/537.36 (KHTML, like Gecko) Chrome/57.0.2987.133 Safari/537.36'),(283,39,'::1','Mozilla/5.0 (Windows NT 10.0; Win64; x64) AppleWebKit/537.36 (KHTML, like Gecko) Chrome/57.0.2987.133 Safari/537.36'),(284,18,'::1','Mozilla/5.0 (Windows NT 10.0; Win64; x64) AppleWebKit/537.36 (KHTML, like Gecko) Chrome/57.0.2987.133 Safari/537.36'),(285,18,'::1','Mozilla/5.0 (Windows NT 10.0; Win64; x64) AppleWebKit/537.36 (KHTML, like Gecko) Chrome/57.0.2987.133 Safari/537.36'),(286,39,'::1','Mozilla/5.0 (Windows NT 10.0; Win64; x64) AppleWebKit/537.36 (KHTML, like Gecko) Chrome/57.0.2987.133 Safari/537.36'),(287,18,'::1','Mozilla/5.0 (Windows NT 10.0; Win64; x64) AppleWebKit/537.36 (KHTML, like Gecko) Chrome/57.0.2987.133 Safari/537.36'),(288,39,'::1','Mozilla/5.0 (Windows NT 10.0; Win64; x64) AppleWebKit/537.36 (KHTML, like Gecko) Chrome/57.0.2987.133 Safari/537.36'),(289,18,'::1','Mozilla/5.0 (Windows NT 10.0; Win64; x64) AppleWebKit/537.36 (KHTML, like Gecko) Chrome/57.0.2987.133 Safari/537.36'),(290,39,'::1','Mozilla/5.0 (Windows NT 10.0; Win64; x64) AppleWebKit/537.36 (KHTML, like Gecko) Chrome/57.0.2987.133 Safari/537.36'),(291,18,'::1','Mozilla/5.0 (Windows NT 10.0; Win64; x64) AppleWebKit/537.36 (KHTML, like Gecko) Chrome/57.0.2987.133 Safari/537.36'),(292,39,'::1','Mozilla/5.0 (Windows NT 10.0; Win64; x64) AppleWebKit/537.36 (KHTML, like Gecko) Chrome/57.0.2987.133 Safari/537.36'),(293,18,'::1','Mozilla/5.0 (Windows NT 10.0; Win64; x64) AppleWebKit/537.36 (KHTML, like Gecko) Chrome/57.0.2987.133 Safari/537.36'),(294,39,'::1','Mozilla/5.0 (Windows NT 10.0; Win64; x64) AppleWebKit/537.36 (KHTML, like Gecko) Chrome/57.0.2987.133 Safari/537.36'),(295,39,'::1','Mozilla/5.0 (Windows NT 10.0; Win64; x64) AppleWebKit/537.36 (KHTML, like Gecko) Chrome/57.0.2987.133 Safari/537.36'),(296,18,'::1','Mozilla/5.0 (Windows NT 10.0; Win64; x64) AppleWebKit/537.36 (KHTML, like Gecko) Chrome/57.0.2987.133 Safari/537.36'),(297,39,'::1','Mozilla/5.0 (Windows NT 10.0; Win64; x64) AppleWebKit/537.36 (KHTML, like Gecko) Chrome/57.0.2987.133 Safari/537.36'),(298,39,'::1','Mozilla/5.0 (Windows NT 10.0; Win64; x64) AppleWebKit/537.36 (KHTML, like Gecko) Chrome/57.0.2987.133 Safari/537.36'),(299,39,'::1','Mozilla/5.0 (Windows NT 10.0; Win64; x64) AppleWebKit/537.36 (KHTML, like Gecko) Chrome/57.0.2987.133 Safari/537.36'),(300,39,'::1','Mozilla/5.0 (Windows NT 10.0; Win64; x64) AppleWebKit/537.36 (KHTML, like Gecko) Chrome/57.0.2987.133 Safari/537.36'),(301,39,'::1','Mozilla/5.0 (Windows NT 10.0; Win64; x64) AppleWebKit/537.36 (KHTML, like Gecko) Chrome/57.0.2987.133 Safari/537.36'),(302,39,'::1','Mozilla/5.0 (Windows NT 10.0; Win64; x64) AppleWebKit/537.36 (KHTML, like Gecko) Chrome/57.0.2987.133 Safari/537.36'),(303,39,'::1','Mozilla/5.0 (Windows NT 10.0; Win64; x64) AppleWebKit/537.36 (KHTML, like Gecko) Chrome/57.0.2987.133 Safari/537.36'),(304,39,'::1','Mozilla/5.0 (Windows NT 10.0; Win64; x64) AppleWebKit/537.36 (KHTML, like Gecko) Chrome/57.0.2987.133 Safari/537.36'),(305,18,'::1','Mozilla/5.0 (Windows NT 10.0; Win64; x64) AppleWebKit/537.36 (KHTML, like Gecko) Chrome/57.0.2987.133 Safari/537.36'),(306,18,'::1','Mozilla/5.0 (Windows NT 10.0; Win64; x64) AppleWebKit/537.36 (KHTML, like Gecko) Chrome/57.0.2987.133 Safari/537.36'),(307,18,'::1','Mozilla/5.0 (Windows NT 10.0; Win64; x64) AppleWebKit/537.36 (KHTML, like Gecko) Chrome/57.0.2987.133 Safari/537.36'),(308,18,'::1','Mozilla/5.0 (Windows NT 10.0; Win64; x64) AppleWebKit/537.36 (KHTML, like Gecko) Chrome/57.0.2987.133 Safari/537.36'),(309,18,'127.0.0.1','Mozilla/5.0 (X11; Linux x86_64) AppleWebKit/537.36 (KHTML, like Gecko) Chrome/58.0.3029.110 Safari/537.36'),(310,18,'127.0.0.1','Mozilla/5.0 (X11; Linux x86_64) AppleWebKit/537.36 (KHTML, like Gecko) Chrome/58.0.3029.110 Safari/537.36'),(311,18,'127.0.0.1','Mozilla/5.0 (X11; Linux x86_64) AppleWebKit/537.36 (KHTML, like Gecko) Chrome/58.0.3029.110 Safari/537.36'),(312,18,'127.0.0.1','Mozilla/5.0 (X11; Linux x86_64) AppleWebKit/537.36 (KHTML, like Gecko) Chrome/58.0.3029.110 Safari/537.36'),(313,18,'127.0.0.1','Mozilla/5.0 (X11; Linux x86_64) AppleWebKit/537.36 (KHTML, like Gecko) Chrome/58.0.3029.110 Safari/537.36'),(314,18,'127.0.0.1','Mozilla/5.0 (X11; Linux x86_64) AppleWebKit/537.36 (KHTML, like Gecko) Chrome/58.0.3029.110 Safari/537.36'),(315,18,'127.0.0.1','Mozilla/5.0 (X11; Linux x86_64) AppleWebKit/537.36 (KHTML, like Gecko) Chrome/58.0.3029.110 Safari/537.36'),(316,18,'127.0.0.1','Mozilla/5.0 (X11; Linux x86_64) AppleWebKit/537.36 (KHTML, like Gecko) Chrome/58.0.3029.110 Safari/537.36'),(317,18,'127.0.0.1','Mozilla/5.0 (X11; Ubuntu; Linux x86_64; rv:53.0) Gecko/20100101 Firefox/53.0'),(318,18,'127.0.0.1','Mozilla/5.0 (X11; Ubuntu; Linux x86_64; rv:53.0) Gecko/20100101 Firefox/53.0'),(319,18,'127.0.0.1','Mozilla/5.0 (X11; Ubuntu; Linux x86_64; rv:53.0) Gecko/20100101 Firefox/53.0'),(320,18,'127.0.0.1','Mozilla/5.0 (X11; Ubuntu; Linux x86_64; rv:53.0) Gecko/20100101 Firefox/53.0'),(321,18,'127.0.0.1','Mozilla/5.0 (X11; Ubuntu; Linux x86_64; rv:53.0) Gecko/20100101 Firefox/53.0'),(322,18,'127.0.0.1','Mozilla/5.0 (X11; Linux x86_64) AppleWebKit/537.36 (KHTML, like Gecko) Chrome/58.0.3029.110 Safari/537.36'),(323,18,'127.0.0.1','Mozilla/5.0 (X11; Ubuntu; Linux x86_64; rv:53.0) Gecko/20100101 Firefox/53.0'),(324,18,'127.0.0.1','Mozilla/5.0 (X11; Ubuntu; Linux x86_64; rv:53.0) Gecko/20100101 Firefox/53.0'),(325,18,'127.0.0.1','Mozilla/5.0 (X11; Ubuntu; Linux x86_64; rv:53.0) Gecko/20100101 Firefox/53.0'),(326,39,'127.0.0.1','Mozilla/5.0 (X11; Ubuntu; Linux x86_64; rv:53.0) Gecko/20100101 Firefox/53.0'),(327,18,'127.0.0.1','Mozilla/5.0 (X11; Ubuntu; Linux x86_64; rv:53.0) Gecko/20100101 Firefox/53.0'),(328,18,'127.0.0.1','Mozilla/5.0 (X11; Ubuntu; Linux x86_64; rv:53.0) Gecko/20100101 Firefox/53.0'),(329,18,'127.0.0.1','Mozilla/5.0 (X11; Ubuntu; Linux x86_64; rv:53.0) Gecko/20100101 Firefox/53.0'),(330,39,'127.0.0.1','Mozilla/5.0 (X11; Ubuntu; Linux x86_64; rv:53.0) Gecko/20100101 Firefox/53.0'),(331,39,'127.0.0.1','Mozilla/5.0 (X11; Ubuntu; Linux x86_64; rv:53.0) Gecko/20100101 Firefox/53.0'),(332,18,'127.0.0.1','Mozilla/5.0 (X11; Ubuntu; Linux x86_64; rv:53.0) Gecko/20100101 Firefox/53.0'),(333,39,'127.0.0.1','Mozilla/5.0 (X11; Ubuntu; Linux x86_64; rv:53.0) Gecko/20100101 Firefox/53.0'),(334,18,'127.0.0.1','Mozilla/5.0 (X11; Ubuntu; Linux x86_64; rv:53.0) Gecko/20100101 Firefox/53.0'),(335,39,'127.0.0.1','Mozilla/5.0 (X11; Ubuntu; Linux x86_64; rv:53.0) Gecko/20100101 Firefox/53.0'),(336,18,'127.0.0.1','Mozilla/5.0 (X11; Ubuntu; Linux x86_64; rv:53.0) Gecko/20100101 Firefox/53.0'),(337,39,'127.0.0.1','Mozilla/5.0 (X11; Ubuntu; Linux x86_64; rv:53.0) Gecko/20100101 Firefox/53.0'),(338,18,'127.0.0.1','Mozilla/5.0 (X11; Ubuntu; Linux x86_64; rv:53.0) Gecko/20100101 Firefox/53.0'),(339,39,'127.0.0.1','Mozilla/5.0 (X11; Ubuntu; Linux x86_64; rv:53.0) Gecko/20100101 Firefox/53.0'),(340,18,'127.0.0.1','Mozilla/5.0 (X11; Ubuntu; Linux x86_64; rv:53.0) Gecko/20100101 Firefox/53.0'),(341,18,'127.0.0.1','Mozilla/5.0 (X11; Linux x86_64) AppleWebKit/537.36 (KHTML, like Gecko) Chrome/58.0.3029.110 Safari/537.36'),(342,18,'127.0.0.1','Mozilla/5.0 (X11; Linux x86_64) AppleWebKit/537.36 (KHTML, like Gecko) Chrome/58.0.3029.110 Safari/537.36'),(343,18,'127.0.0.1','Mozilla/5.0 (X11; Ubuntu; Linux x86_64; rv:53.0) Gecko/20100101 Firefox/53.0'),(344,18,'127.0.0.1','Mozilla/5.0 (X11; Linux x86_64) AppleWebKit/537.36 (KHTML, like Gecko) Chrome/58.0.3029.110 Safari/537.36'),(345,18,'127.0.0.1','Mozilla/5.0 (X11; Ubuntu; Linux x86_64; rv:53.0) Gecko/20100101 Firefox/53.0'),(346,18,'127.0.0.1','Mozilla/5.0 (X11; Linux x86_64) AppleWebKit/537.36 (KHTML, like Gecko) Chrome/58.0.3029.110 Safari/537.36'),(347,18,'127.0.0.1','Mozilla/5.0 (X11; Linux x86_64) AppleWebKit/537.36 (KHTML, like Gecko) Chrome/58.0.3029.110 Safari/537.36'),(348,18,'127.0.0.1','Mozilla/5.0 (X11; Linux x86_64) AppleWebKit/537.36 (KHTML, like Gecko) Chrome/58.0.3029.110 Safari/537.36'),(349,18,'127.0.0.1','Mozilla/5.0 (X11; Ubuntu; Linux x86_64; rv:53.0) Gecko/20100101 Firefox/53.0'),(350,18,'127.0.0.1','Mozilla/5.0 (X11; Linux x86_64) AppleWebKit/537.36 (KHTML, like Gecko) Chrome/58.0.3029.110 Safari/537.36'),(351,18,'127.0.0.1','Mozilla/5.0 (X11; Ubuntu; Linux x86_64; rv:53.0) Gecko/20100101 Firefox/53.0'),(352,18,'127.0.0.1','Mozilla/5.0 (X11; Ubuntu; Linux x86_64; rv:53.0) Gecko/20100101 Firefox/53.0'),(353,18,'127.0.0.1','Mozilla/5.0 (X11; Linux x86_64) AppleWebKit/537.36 (KHTML, like Gecko) Chrome/58.0.3029.110 Safari/537.36'),(354,18,'127.0.0.1','Mozilla/5.0 (X11; Linux x86_64) AppleWebKit/537.36 (KHTML, like Gecko) Chrome/58.0.3029.110 Safari/537.36'),(355,18,'127.0.0.1','Mozilla/5.0 (X11; Linux x86_64) AppleWebKit/537.36 (KHTML, like Gecko) Chrome/58.0.3029.110 Safari/537.36'),(356,18,'127.0.0.1','Mozilla/5.0 (X11; Ubuntu; Linux x86_64; rv:53.0) Gecko/20100101 Firefox/53.0'),(357,18,'127.0.0.1','Mozilla/5.0 (X11; Linux x86_64) AppleWebKit/537.36 (KHTML, like Gecko) Chrome/58.0.3029.110 Safari/537.36'),(358,18,'127.0.0.1','Mozilla/5.0 (X11; Linux x86_64) AppleWebKit/537.36 (KHTML, like Gecko) Chrome/58.0.3029.110 Safari/537.36'),(359,18,'127.0.0.1','Mozilla/5.0 (X11; Ubuntu; Linux x86_64; rv:53.0) Gecko/20100101 Firefox/53.0'),(360,39,'127.0.0.1','Mozilla/5.0 (X11; Ubuntu; Linux x86_64; rv:53.0) Gecko/20100101 Firefox/53.0'),(361,18,'127.0.0.1','Mozilla/5.0 (X11; Ubuntu; Linux x86_64; rv:53.0) Gecko/20100101 Firefox/53.0'),(362,18,'127.0.0.1','Mozilla/5.0 (X11; Ubuntu; Linux x86_64; rv:53.0) Gecko/20100101 Firefox/53.0'),(363,18,'127.0.0.1','Mozilla/5.0 (X11; Ubuntu; Linux x86_64; rv:53.0) Gecko/20100101 Firefox/53.0'),(364,18,'127.0.0.1','Mozilla/5.0 (X11; Ubuntu; Linux x86_64; rv:53.0) Gecko/20100101 Firefox/53.0'),(365,39,'127.0.0.1','Mozilla/5.0 (X11; Ubuntu; Linux x86_64; rv:53.0) Gecko/20100101 Firefox/53.0'),(366,18,'127.0.0.1','Mozilla/5.0 (X11; Ubuntu; Linux x86_64; rv:53.0) Gecko/20100101 Firefox/53.0'),(367,18,'127.0.0.1','Mozilla/5.0 (X11; Ubuntu; Linux x86_64; rv:53.0) Gecko/20100101 Firefox/53.0'),(368,18,'127.0.0.1','Mozilla/5.0 (X11; Ubuntu; Linux x86_64; rv:53.0) Gecko/20100101 Firefox/53.0'),(369,18,'127.0.0.1','Mozilla/5.0 (X11; Ubuntu; Linux x86_64; rv:53.0) Gecko/20100101 Firefox/53.0'),(370,18,'127.0.0.1','Mozilla/5.0 (X11; Ubuntu; Linux x86_64; rv:53.0) Gecko/20100101 Firefox/53.0'),(371,39,'127.0.0.1','Mozilla/5.0 (X11; Ubuntu; Linux x86_64; rv:53.0) Gecko/20100101 Firefox/53.0'),(372,18,'127.0.0.1','Mozilla/5.0 (X11; Ubuntu; Linux x86_64; rv:53.0) Gecko/20100101 Firefox/53.0'),(373,18,'127.0.0.1','Mozilla/5.0 (X11; Ubuntu; Linux x86_64; rv:53.0) Gecko/20100101 Firefox/53.0'),(374,18,'127.0.0.1','Mozilla/5.0 (X11; Ubuntu; Linux x86_64; rv:53.0) Gecko/20100101 Firefox/53.0'),(375,18,'127.0.0.1','Mozilla/5.0 (X11; Ubuntu; Linux x86_64; rv:53.0) Gecko/20100101 Firefox/53.0'),(376,18,'127.0.0.1','Mozilla/5.0 (X11; Ubuntu; Linux x86_64; rv:53.0) Gecko/20100101 Firefox/53.0'),(377,18,'127.0.0.1','Mozilla/5.0 (X11; Linux x86_64) AppleWebKit/537.36 (KHTML, like Gecko) Chrome/58.0.3029.110 Safari/537.36'),(378,18,'127.0.0.1','Mozilla/5.0 (X11; Ubuntu; Linux x86_64; rv:53.0) Gecko/20100101 Firefox/53.0'),(379,18,'127.0.0.1','Mozilla/5.0 (X11; Ubuntu; Linux x86_64; rv:53.0) Gecko/20100101 Firefox/53.0'),(380,18,'127.0.0.1','Mozilla/5.0 (X11; Ubuntu; Linux x86_64; rv:53.0) Gecko/20100101 Firefox/53.0'),(381,18,'127.0.0.1','Mozilla/5.0 (X11; Ubuntu; Linux x86_64; rv:53.0) Gecko/20100101 Firefox/53.0'),(382,18,'127.0.0.1','Mozilla/5.0 (X11; Ubuntu; Linux x86_64; rv:53.0) Gecko/20100101 Firefox/53.0'),(383,18,'127.0.0.1','Mozilla/5.0 (X11; Linux x86_64) AppleWebKit/537.36 (KHTML, like Gecko) Chrome/58.0.3029.110 Safari/537.36'),(384,18,'127.0.0.1','Mozilla/5.0 (X11; Ubuntu; Linux x86_64; rv:53.0) Gecko/20100101 Firefox/53.0'),(385,18,'127.0.0.1','Mozilla/5.0 (X11; Ubuntu; Linux x86_64; rv:53.0) Gecko/20100101 Firefox/53.0'),(386,18,'127.0.0.1','Mozilla/5.0 (X11; Ubuntu; Linux x86_64; rv:53.0) Gecko/20100101 Firefox/53.0'),(387,18,'127.0.0.1','Mozilla/5.0 (X11; Ubuntu; Linux x86_64; rv:53.0) Gecko/20100101 Firefox/53.0'),(388,18,'127.0.0.1','Mozilla/5.0 (X11; Ubuntu; Linux x86_64; rv:53.0) Gecko/20100101 Firefox/53.0'),(389,18,'127.0.0.1','Mozilla/5.0 (X11; Linux x86_64) AppleWebKit/537.36 (KHTML, like Gecko) Chrome/58.0.3029.110 Safari/537.36'),(390,18,'127.0.0.1','Mozilla/5.0 (X11; Linux x86_64) AppleWebKit/537.36 (KHTML, like Gecko) Chrome/58.0.3029.110 Safari/537.36'),(391,18,'127.0.0.1','Mozilla/5.0 (X11; Linux x86_64) AppleWebKit/537.36 (KHTML, like Gecko) Chrome/58.0.3029.110 Safari/537.36'),(392,18,'127.0.0.1','Mozilla/5.0 (X11; Linux x86_64) AppleWebKit/537.36 (KHTML, like Gecko) Chrome/58.0.3029.110 Safari/537.36'),(393,18,'127.0.0.1','Mozilla/5.0 (X11; Ubuntu; Linux x86_64; rv:53.0) Gecko/20100101 Firefox/53.0'),(394,18,'127.0.0.1','Mozilla/5.0 (X11; Ubuntu; Linux x86_64; rv:53.0) Gecko/20100101 Firefox/53.0'),(395,18,'127.0.0.1','Mozilla/5.0 (X11; Linux x86_64) AppleWebKit/537.36 (KHTML, like Gecko) Chrome/58.0.3029.110 Safari/537.36'),(396,18,'127.0.0.1','Mozilla/5.0 (X11; Ubuntu; Linux x86_64; rv:53.0) Gecko/20100101 Firefox/53.0'),(397,18,'127.0.0.1','Mozilla/5.0 (X11; Linux x86_64) AppleWebKit/537.36 (KHTML, like Gecko) Chrome/58.0.3029.110 Safari/537.36'),(398,18,'127.0.0.1','Mozilla/5.0 (X11; Linux x86_64) AppleWebKit/537.36 (KHTML, like Gecko) Chrome/59.0.3071.115 Safari/537.36'),(399,18,'127.0.0.1','Mozilla/5.0 (X11; Linux x86_64) AppleWebKit/537.36 (KHTML, like Gecko) Chrome/59.0.3071.115 Safari/537.36'),(400,18,'127.0.0.1','Mozilla/5.0 (X11; Linux x86_64) AppleWebKit/537.36 (KHTML, like Gecko) Chrome/59.0.3071.115 Safari/537.36'),(401,18,'127.0.0.1','Mozilla/5.0 (X11; Linux x86_64) AppleWebKit/537.36 (KHTML, like Gecko) Chrome/59.0.3071.115 Safari/537.36'),(402,18,'127.0.0.1','Mozilla/5.0 (X11; Linux x86_64) AppleWebKit/537.36 (KHTML, like Gecko) Chrome/59.0.3071.115 Safari/537.36'),(403,18,'127.0.0.1','Mozilla/5.0 (X11; Linux x86_64) AppleWebKit/537.36 (KHTML, like Gecko) Chrome/59.0.3071.115 Safari/537.36'),(404,18,'127.0.0.1','Mozilla/5.0 (X11; Linux x86_64) AppleWebKit/537.36 (KHTML, like Gecko) Chrome/59.0.3071.115 Safari/537.36'),(405,18,'127.0.0.1','Mozilla/5.0 (X11; Linux x86_64) AppleWebKit/537.36 (KHTML, like Gecko) Chrome/59.0.3071.115 Safari/537.36'),(406,18,'202.62.16.53','Mozilla/5.0 (Windows NT 10.0; Win64; x64) AppleWebKit/537.36 (KHTML, like Gecko) Chrome/59.0.3071.115 Safari/537.36');

/*Table structure for table `tb_app_config` */

DROP TABLE IF EXISTS `tb_app_config`;

CREATE TABLE `tb_app_config` (
  `id_app` int(11) NOT NULL AUTO_INCREMENT,
  `app_desc` varchar(200) DEFAULT NULL,
  `cost_pull` int(20) DEFAULT NULL,
  `cost_push` int(20) DEFAULT NULL,
  `push_time` varchar(100) DEFAULT NULL,
  `app_create` varchar(20) DEFAULT NULL,
  `partner` varchar(200) DEFAULT NULL,
  `contact` varchar(200) DEFAULT NULL,
  `marketing` varchar(200) DEFAULT NULL,
  `pic` varchar(200) DEFAULT NULL,
  `push_day` varchar(100) NOT NULL,
  `config_status` varchar(20) DEFAULT NULL,
  `push_status` varchar(20) NOT NULL,
  `app_update` varchar(20) NOT NULL,
  PRIMARY KEY (`id_app`)
) ENGINE=InnoDB AUTO_INCREMENT=5 DEFAULT CHARSET=latin1;

/*Data for the table `tb_app_config` */

insert  into `tb_app_config`(`id_app`,`app_desc`,`cost_pull`,`cost_push`,`push_time`,`app_create`,`partner`,`contact`,`marketing`,`pic`,`push_day`,`config_status`,`push_status`,`app_update`) values (1,'bola',1000,1000,'07','2017-05-29 05:09:56','Jati','Lens','Office','Denis','mon,wed,thu','1','',''),(2,'cantik',900,900,'07','2017-07-25 14:10:21','mobiwin','jati','jati','Jays','26,27,28','1','',''),(4,'uding',NULL,NULL,'07','2017-07-26 11:12:36','mobiwin','asas','asas','asas','wed,fri','aktif','yes','2017-07-26 11:12:36');

/*Table structure for table `tb_apps_content` */

DROP TABLE IF EXISTS `tb_apps_content`;

CREATE TABLE `tb_apps_content` (
  `id_content` int(11) NOT NULL AUTO_INCREMENT,
  `id_app` int(11) DEFAULT NULL,
  `keyword` varchar(100) DEFAULT NULL,
  `content_number` int(11) DEFAULT NULL,
  `content_field` varchar(200) DEFAULT NULL,
  `content_create` varchar(20) DEFAULT NULL,
  PRIMARY KEY (`id_content`)
) ENGINE=InnoDB AUTO_INCREMENT=7 DEFAULT CHARSET=latin1;

/*Data for the table `tb_apps_content` */

insert  into `tb_apps_content`(`id_content`,`id_app`,`keyword`,`content_number`,`content_field`,`content_create`) values (1,1,'bola',1,'Reply Bola Pertama','2017-05-29 05:09:56'),(2,1,'bola',2,'Reply Bola Kedua','2017-05-29 05:09:56'),(3,2,'cantik',1,'Reply Cantik 1','2017-05-29 05:09:56'),(4,2,'cantik',2,'Reply Cantik 2','2017-05-29 05:09:56'),(5,1,'bola',3,'Ini Konten bola ke 3','2017-07-23 '),(6,1,'bola',4,'Ini Konten bola ke 4','2017-07-23 ');

/*Table structure for table `tb_keyword` */

DROP TABLE IF EXISTS `tb_keyword`;

CREATE TABLE `tb_keyword` (
  `id_keyword` int(11) NOT NULL AUTO_INCREMENT,
  `id_app` int(11) DEFAULT NULL,
  `telco` varchar(100) DEFAULT NULL,
  `shortcode` varchar(100) DEFAULT NULL,
  `keyword` varchar(100) DEFAULT NULL,
  `keyword_status` varchar(10) DEFAULT NULL,
  `keyword_create` varchar(50) NOT NULL,
  PRIMARY KEY (`id_keyword`)
) ENGINE=InnoDB AUTO_INCREMENT=3 DEFAULT CHARSET=latin1;

/*Data for the table `tb_keyword` */

insert  into `tb_keyword`(`id_keyword`,`id_app`,`telco`,`shortcode`,`keyword`,`keyword_status`,`keyword_create`) values (1,1,'xl','912345','bola','1','2017-07-25 15:14:28'),(2,2,'xl','912345','cantik','1','2017-07-25 15:19:33');

/*Table structure for table `tb_members` */

DROP TABLE IF EXISTS `tb_members`;

CREATE TABLE `tb_members` (
  `id_member` int(11) NOT NULL AUTO_INCREMENT,
  `telco` varchar(100) DEFAULT NULL,
  `shortcode` varchar(100) DEFAULT NULL,
  `msisdn` varchar(20) DEFAULT NULL,
  `id_app` int(11) DEFAULT NULL,
  `keyword` varchar(100) DEFAULT NULL,
  `join_date` varchar(50) DEFAULT NULL,
  `reg_types` varchar(10) DEFAULT NULL,
  `content_seq` int(11) DEFAULT NULL,
  PRIMARY KEY (`id_member`)
) ENGINE=InnoDB AUTO_INCREMENT=15 DEFAULT CHARSET=latin1;

/*Data for the table `tb_members` */

insert  into `tb_members`(`id_member`,`telco`,`shortcode`,`msisdn`,`id_app`,`keyword`,`join_date`,`reg_types`,`content_seq`) values (7,'xl','912345','62817726131836',1,'bola','2017-07-25 05:13:26','reg',4),(11,'xl','912345','62819450049791',2,'cantik','2017-07-25 05:13:53','reg',2),(12,'xl','912345','62817450049791',1,'bola','2017-07-25 05:13:53','reg',2),(13,'xl','912345','62819455804321',2,'cantik','2017-07-25 05:13:54','reg',1),(14,'xl','912345','62817455804321',1,'bola','2017-07-25 05:13:54','reg',3);

/*Table structure for table `tb_partner` */

DROP TABLE IF EXISTS `tb_partner`;

CREATE TABLE `tb_partner` (
  `id` int(8) NOT NULL AUTO_INCREMENT,
  `id_partner` int(8) DEFAULT NULL,
  `name_partner` varchar(100) DEFAULT NULL,
  `create_partner` datetime DEFAULT NULL,
  PRIMARY KEY (`id`)
) ENGINE=InnoDB AUTO_INCREMENT=2 DEFAULT CHARSET=latin1;

/*Data for the table `tb_partner` */

insert  into `tb_partner`(`id`,`id_partner`,`name_partner`,`create_partner`) values (1,NULL,'MOBIWIN','2017-07-25 15:21:12');

/*Table structure for table `tb_report_push` */

DROP TABLE IF EXISTS `tb_report_push`;

CREATE TABLE `tb_report_push` (
  `id_report` int(11) NOT NULL AUTO_INCREMENT,
  `id_app` int(11) DEFAULT NULL,
  `telco` varchar(20) DEFAULT NULL,
  `shortcode` varchar(20) DEFAULT NULL,
  `type` varchar(20) DEFAULT NULL,
  `cost` int(11) DEFAULT NULL,
  `subject` varchar(100) DEFAULT NULL,
  `dr_status` varchar(50) DEFAULT NULL,
  `hit_status` varchar(20) DEFAULT NULL,
  `stat` varchar(50) DEFAULT NULL,
  `total` int(11) DEFAULT NULL,
  `report_date` varchar(500) DEFAULT NULL,
  `report_create` varchar(50) DEFAULT NULL,
  PRIMARY KEY (`id_report`)
) ENGINE=InnoDB AUTO_INCREMENT=957 DEFAULT CHARSET=latin1;

/*Data for the table `tb_report_push` */

insert  into `tb_report_push`(`id_report`,`id_app`,`telco`,`shortcode`,`type`,`cost`,`subject`,`dr_status`,`hit_status`,`stat`,`total`,`report_date`,`report_create`) values (41,2,'xl','912345','push',900,'PUSH;IOD;CANTIK;FIRSTPUSH','6','3','Rejected',59,'2017-07-26','2017-07-26 09:31:05'),(42,2,'xl','912345','pull',0,'REG;IOD;CANTIK','6','3','Rejected',51,'2017-07-25','2017-07-26 09:31:05'),(43,1,'xl','912345','push',1000,'PUSH;IOD;BOLA;FIRSTPUSH','2','0','Deliver',61,'2017-07-25','2017-07-26 09:31:05'),(44,1,'xl','912345','pull',0,'REG;IOD;BOLA','2','0','Deliver',66,'2017-07-25','2017-07-26 09:31:05'),(45,1,'xl','912345','pull',0,'REG;IOD;BOLA','6','2','Rejected',47,'2017-07-25','2017-07-26 09:31:05'),(46,2,'xl','912345','pull',0,'REG;IOD;CANTIK','6','2','Rejected',50,'2017-07-25','2017-07-26 09:31:05'),(47,1,'xl','912345','push',1000,'PUSH;IOD;BOLA;FIRSTPUSH','6','3','Rejected',55,'2017-07-25','2017-07-26 09:31:05'),(48,2,'xl','912345','push',900,'PUSH;IOD;CANTIK;FIRSTPUSH','6','3','Rejected',59,'2017-07-25','2017-07-26 09:31:05'),(49,1,'xl','912345','pull',0,'REG;IOD;BOLA','6','1','Rejected',60,'2017-07-25','2017-07-26 09:31:05'),(50,2,'xl','912345','pull',0,'REG;IOD;CANTIK','2','0','Deliver',71,'2017-07-25','2017-07-26 09:31:05'),(51,1,'xl','912345','push',1000,'PUSH;IOD;BOLA;FIRSTPUSH','2','0','Deliver',61,'2017-07-25','2017-07-26 09:31:05'),(52,2,'xl','912345','push',900,'PUSH;IOD;CANTIK;FIRSTPUSH','6','2','Rejected',54,'2017-07-25','2017-07-26 09:31:05'),(53,1,'xl','912345','pull',0,'REG;IOD;BOLA','6','3','Rejected',56,'2017-07-25','2017-07-26 09:31:05'),(54,2,'xl','912345','pull',0,'REG;IOD;CANTIK','6','3','Rejected',51,'2017-07-25','2017-07-26 09:31:05'),(55,2,'xl','912345','push',900,'PUSH;IOD;CANTIK;FIRSTPUSH','2','0','Deliver',59,'2017-07-25','2017-07-26 09:31:05'),(56,1,'xl','912345','push',1000,'PUSH;IOD;BOLA;FIRSTPUSH','2','0','Deliver',61,'2017-07-25','2017-07-26 09:31:05'),(57,1,'xl','912345','pull',0,'REG;IOD;BOLA','6','3','Rejected',56,'2017-07-25','2017-07-26 09:31:05'),(58,2,'xl','912345','pull',0,'REG;IOD;CANTIK','6','1','Rejected',57,'2017-07-25','2017-07-26 09:31:05'),(59,2,'xl','912345','push',900,'PUSH;IOD;CANTIK;FIRSTPUSH','6','1','Rejected',57,'2017-07-25','2017-07-26 09:31:05'),(60,1,'xl','912345','push',1000,'PUSH;IOD;BOLA;FIRSTPUSH','6','3','Rejected',55,'2017-07-25','2017-07-26 09:31:05'),(61,1,'xl','912345','pull',0,'REG;IOD;BOLA','2','0','Deliver',66,'2017-07-25','2017-07-26 09:31:05'),(62,2,'xl','912345','pull',0,'REG;IOD;CANTIK','6','2','Rejected',50,'2017-07-25','2017-07-26 09:31:05'),(63,1,'xl','912345','push',1000,'PUSH;IOD;BOLA;FIRSTPUSH','2','0','Deliver',61,'2017-07-25','2017-07-26 09:31:05'),(64,2,'xl','912345','push',900,'PUSH;IOD;CANTIK;FIRSTPUSH','6','1','Rejected',57,'2017-07-25','2017-07-26 09:31:05'),(65,1,'xl','912345','pull',0,'REG;IOD;BOLA','6','2','Rejected',47,'2017-07-25','2017-07-26 09:31:05'),(66,2,'xl','912345','pull',0,'REG;IOD;CANTIK','6','2','Rejected',50,'2017-07-25','2017-07-26 09:31:05'),(67,2,'xl','912345','push',900,'PUSH;IOD;CANTIK;FIRSTPUSH','6','1','Rejected',57,'2017-07-25','2017-07-26 09:31:05'),(68,1,'xl','912345','push',1000,'PUSH;IOD;BOLA;FIRSTPUSH','6','2','Rejected',61,'2017-07-25','2017-07-26 09:31:05'),(69,1,'xl','912345','pull',0,'REG;IOD;BOLA','6','3','Rejected',56,'2017-07-25','2017-07-26 09:31:05'),(70,2,'xl','912345','pull',0,'REG;IOD;CANTIK','6','1','Rejected',57,'2017-07-25','2017-07-26 09:31:05'),(71,1,'xl','912345','push',1000,'PUSH;IOD;BOLA;FIRSTPUSH','6','3','Rejected',55,'2017-07-25','2017-07-26 09:31:05'),(72,2,'xl','912345','push',900,'PUSH;IOD;CANTIK;FIRSTPUSH','6','3','Rejected',59,'2017-07-25','2017-07-26 09:31:05'),(73,2,'xl','912345','push',900,'PUSH;IOD;CANTIK;FIRSTPUSH','6','3','Rejected',59,'2017-07-25','2017-07-26 09:31:05'),(74,1,'xl','912345','pull',0,'REG;IOD;BOLA','6','1','Rejected',60,'2017-07-25','2017-07-26 09:31:05'),(75,2,'xl','912345','pull',0,'REG;IOD;CANTIK','2','0','Deliver',71,'2017-07-25','2017-07-26 09:31:05'),(76,1,'xl','912345','push',1000,'PUSH;IOD;BOLA;FIRSTPUSH','6','1','Rejected',52,'2017-07-25','2017-07-26 09:31:05'),(77,1,'xl','912345','pull',0,'REG;IOD;BOLA','6','3','Rejected',56,'2017-07-25','2017-07-26 09:31:05'),(78,2,'xl','912345','pull',0,'REG;IOD;CANTIK','6','3','Rejected',51,'2017-07-25','2017-07-26 09:31:05'),(79,2,'xl','912345','push',900,'PUSH;IOD;CANTIK;FIRSTPUSH','6','1','Rejected',57,'2017-07-25','2017-07-26 09:31:05'),(80,1,'xl','912345','push',1000,'PUSH;IOD;BOLA;FIRSTPUSH','2','0','Deliver',61,'2017-07-25','2017-07-26 09:31:05'),(81,1,'xl','912345','pull',0,'REG;IOD;BOLA','6','3','Rejected',56,'2017-07-25','2017-07-26 09:31:05'),(82,2,'xl','912345','pull',0,'REG;IOD;CANTIK','6','1','Rejected',57,'2017-07-25','2017-07-26 09:31:05'),(83,2,'xl','912345','push',900,'PUSH;IOD;CANTIK;FIRSTPUSH','6','3','Rejected',59,'2017-07-25','2017-07-26 09:31:05'),(84,1,'xl','912345','push',1000,'PUSH;IOD;BOLA;FIRSTPUSH','6','3','Rejected',55,'2017-07-25','2017-07-26 09:31:05'),(85,1,'xl','912345','pull',0,'REG;IOD;BOLA','6','3','Rejected',56,'2017-07-25','2017-07-26 09:31:05'),(86,2,'xl','912345','pull',0,'REG;IOD;CANTIK','6','3','Rejected',51,'2017-07-25','2017-07-26 09:31:05'),(87,1,'xl','912345','push',1000,'PUSH;IOD;BOLA;FIRSTPUSH','6','3','Rejected',55,'2017-07-25','2017-07-26 09:31:05'),(88,2,'xl','912345','push',900,'PUSH;IOD;CANTIK;FIRSTPUSH','6','1','Rejected',57,'2017-07-25','2017-07-26 09:31:05'),(89,1,'xl','912345','pull',0,'REG;IOD;BOLA','6','1','Rejected',60,'2017-07-25','2017-07-26 09:31:05'),(90,2,'xl','912345','pull',0,'REG;IOD;CANTIK','6','2','Rejected',50,'2017-07-25','2017-07-26 09:31:05'),(91,1,'xl','912345','push',1000,'PUSH;IOD;BOLA;FIRSTPUSH','2','0','Deliver',61,'2017-07-25','2017-07-26 09:31:05'),(92,2,'xl','912345','push',900,'PUSH;IOD;CANTIK;FIRSTPUSH','6','1','Rejected',57,'2017-07-25','2017-07-26 09:31:05'),(93,1,'xl','912345','pull',0,'REG;IOD;BOLA','6','1','Rejected',60,'2017-07-25','2017-07-26 09:31:05'),(94,2,'xl','912345','pull',0,'REG;IOD;CANTIK','6','1','Rejected',57,'2017-07-25','2017-07-26 09:31:05'),(95,1,'xl','912345','push',1000,'PUSH;IOD;BOLA;FIRSTPUSH','2','0','Deliver',61,'2017-07-25','2017-07-26 09:31:05'),(96,2,'xl','912345','push',900,'PUSH;IOD;CANTIK;FIRSTPUSH','2','0','Deliver',59,'2017-07-25','2017-07-26 09:31:05'),(97,1,'xl','912345','pull',0,'REG;IOD;BOLA','6','1','Rejected',60,'2017-07-25','2017-07-26 09:31:05'),(98,2,'xl','912345','pull',0,'REG;IOD;CANTIK','6','1','Rejected',57,'2017-07-25','2017-07-26 09:31:05'),(99,2,'xl','912345','push',900,'PUSH;IOD;CANTIK;FIRSTPUSH','6','2','Rejected',54,'2017-07-25','2017-07-26 09:31:05'),(100,1,'xl','912345','push',1000,'PUSH;IOD;BOLA;FIRSTPUSH','2','0','Deliver',61,'2017-07-25','2017-07-26 09:31:05'),(101,1,'xl','912345','pull',0,'REG;IOD;BOLA','6','3','Rejected',56,'2017-07-25','2017-07-26 09:31:05'),(102,2,'xl','912345','pull',0,'REG;IOD;CANTIK','2','0','Deliver',71,'2017-07-25','2017-07-26 09:31:05'),(103,1,'xl','912345','push',1000,'PUSH;IOD;BOLA;FIRSTPUSH','6','1','Rejected',52,'2017-07-25','2017-07-26 09:31:05'),(104,2,'xl','912345','push',900,'PUSH;IOD;CANTIK;FIRSTPUSH','6','2','Rejected',54,'2017-07-25','2017-07-26 09:31:05'),(105,1,'xl','912345','pull',0,'REG;IOD;BOLA','6','3','Rejected',56,'2017-07-25','2017-07-26 09:31:05'),(106,2,'xl','912345','pull',0,'REG;IOD;CANTIK','6','2','Rejected',50,'2017-07-25','2017-07-26 09:31:05'),(107,2,'xl','912345','push',900,'PUSH;IOD;CANTIK;FIRSTPUSH','2','0','Deliver',59,'2017-07-25','2017-07-26 09:31:05'),(108,1,'xl','912345','push',1000,'PUSH;IOD;BOLA;FIRSTPUSH','6','2','Rejected',61,'2017-07-25','2017-07-26 09:31:05'),(109,1,'xl','912345','pull',0,'REG;IOD;BOLA','2','0','Deliver',66,'2017-07-25','2017-07-26 09:31:05'),(110,2,'xl','912345','pull',0,'REG;IOD;CANTIK','6','2','Rejected',50,'2017-07-25','2017-07-26 09:31:05'),(111,1,'xl','912345','push',1000,'PUSH;IOD;BOLA;FIRSTPUSH','6','3','Rejected',55,'2017-07-25','2017-07-26 09:31:05'),(112,2,'xl','912345','push',900,'PUSH;IOD;CANTIK;FIRSTPUSH','6','3','Rejected',59,'2017-07-25','2017-07-26 09:31:05'),(113,1,'xl','912345','pull',0,'REG;IOD;BOLA','2','0','Deliver',66,'2017-07-25','2017-07-26 09:31:05'),(114,2,'xl','912345','pull',0,'REG;IOD;CANTIK','6','1','Rejected',57,'2017-07-25','2017-07-26 09:31:05'),(115,1,'xl','912345','push',1000,'PUSH;IOD;BOLA;FIRSTPUSH','6','2','Rejected',61,'2017-07-25','2017-07-26 09:31:05'),(116,2,'xl','912345','push',900,'PUSH;IOD;CANTIK;FIRSTPUSH','2','0','Deliver',59,'2017-07-25','2017-07-26 09:31:05'),(117,1,'xl','912345','pull',0,'REG;IOD;BOLA','2','0','Deliver',66,'2017-07-25','2017-07-26 09:31:05'),(118,2,'xl','912345','pull',0,'REG;IOD;CANTIK','2','0','Deliver',71,'2017-07-25','2017-07-26 09:31:05'),(119,2,'xl','912345','push',900,'PUSH;IOD;CANTIK;FIRSTPUSH','6','1','Rejected',57,'2017-07-25','2017-07-26 09:31:05'),(120,1,'xl','912345','push',1000,'PUSH;IOD;BOLA;FIRSTPUSH','6','2','Rejected',61,'2017-07-25','2017-07-26 09:31:05'),(121,1,'xl','912345','pull',0,'REG;IOD;BOLA','6','3','Rejected',56,'2017-07-25','2017-07-26 09:31:05'),(122,2,'xl','912345','pull',0,'REG;IOD;CANTIK','6','3','Rejected',51,'2017-07-25','2017-07-26 09:31:05'),(123,2,'xl','912345','push',900,'PUSH;IOD;CANTIK;FIRSTPUSH','2','0','Deliver',59,'2017-07-25','2017-07-26 09:31:05'),(124,1,'xl','912345','push',1000,'PUSH;IOD;BOLA;FIRSTPUSH','6','3','Rejected',55,'2017-07-25','2017-07-26 09:31:05'),(125,1,'xl','912345','pull',0,'REG;IOD;BOLA','6','3','Rejected',56,'2017-07-25','2017-07-26 09:31:05'),(126,2,'xl','912345','pull',0,'REG;IOD;CANTIK','2','0','Deliver',71,'2017-07-25','2017-07-26 09:31:05'),(127,1,'xl','912345','pull',0,'REG;IOD;BOLA','6','3','Rejected',56,'2017-07-25','2017-07-26 09:31:05'),(128,1,'xl','912345','push',1000,'PUSH;IOD;BOLA;FIRSTPUSH','2','0','Deliver',61,'2017-07-25','2017-07-26 09:31:05'),(129,1,'xl','912345','push',1000,'PUSH;IOD;BOLA;FIRSTPUSH','6','2','Rejected',61,'2017-07-25','2017-07-26 09:31:05'),(130,2,'xl','912345','push',900,'PUSH;IOD;CANTIK;FIRSTPUSH','6','3','Rejected',59,'2017-07-25','2017-07-26 09:31:05'),(131,2,'xl','912345','pull',0,'REG;IOD;CANTIK','6','2','Rejected',50,'2017-07-25','2017-07-26 09:31:05'),(132,2,'xl','912345','push',900,'PUSH;IOD;CANTIK;FIRSTPUSH','6','3','Rejected',59,'2017-07-25','2017-07-26 09:31:05'),(133,1,'xl','912345','pull',0,'REG;IOD;BOLA','6','3','Rejected',56,'2017-07-25','2017-07-26 09:31:05'),(134,2,'xl','912345','pull',0,'REG;IOD;CANTIK','2','0','Deliver',71,'2017-07-25','2017-07-26 09:31:05'),(135,1,'xl','912345','push',1000,'PUSH;IOD;BOLA;FIRSTPUSH','2','0','Deliver',61,'2017-07-25','2017-07-26 09:31:05'),(136,2,'xl','912345','push',900,'PUSH;IOD;CANTIK;FIRSTPUSH','6','2','Rejected',54,'2017-07-25','2017-07-26 09:31:05'),(137,1,'xl','912345','push',1000,'PUSH;IOD;BOLA;FIRSTPUSH','6','3','Rejected',55,'2017-07-25','2017-07-26 09:31:05'),(138,1,'xl','912345','pull',0,'REG;IOD;BOLA','6','1','Rejected',60,'2017-07-25','2017-07-26 09:31:05'),(139,2,'xl','912345','pull',0,'REG;IOD;CANTIK','6','3','Rejected',51,'2017-07-25','2017-07-26 09:31:05'),(140,2,'xl','912345','push',900,'PUSH;IOD;CANTIK;FIRSTPUSH','2','0','Deliver',59,'2017-07-25','2017-07-26 09:31:05'),(141,1,'xl','912345','pull',0,'REG;IOD;BOLA','6','3','Rejected',56,'2017-07-25','2017-07-26 09:31:05'),(142,2,'xl','912345','pull',0,'REG;IOD;CANTIK','6','2','Rejected',50,'2017-07-25','2017-07-26 09:31:05'),(143,1,'xl','912345','push',1000,'PUSH;IOD;BOLA;FIRSTPUSH','6','2','Rejected',61,'2017-07-25','2017-07-26 09:31:05'),(144,2,'xl','912345','push',900,'PUSH;IOD;CANTIK;FIRSTPUSH','6','1','Rejected',57,'2017-07-25','2017-07-26 09:31:05'),(145,1,'xl','912345','pull',0,'REG;IOD;BOLA','6','3','Rejected',56,'2017-07-25','2017-07-26 09:31:05'),(146,2,'xl','912345','pull',0,'REG;IOD;CANTIK','6','3','Rejected',51,'2017-07-25','2017-07-26 09:31:05'),(147,1,'xl','912345','push',1000,'PUSH;IOD;BOLA;FIRSTPUSH','6','2','Rejected',61,'2017-07-25','2017-07-26 09:31:05'),(148,2,'xl','912345','push',900,'PUSH;IOD;CANTIK;FIRSTPUSH','2','0','Deliver',59,'2017-07-25','2017-07-26 09:31:05'),(149,1,'xl','912345','pull',0,'REG;IOD;BOLA','6','2','Rejected',47,'2017-07-25','2017-07-26 09:31:05'),(150,2,'xl','912345','pull',0,'REG;IOD;CANTIK','6','1','Rejected',57,'2017-07-25','2017-07-26 09:31:05'),(151,1,'xl','912345','push',1000,'PUSH;IOD;BOLA;FIRSTPUSH','6','1','Rejected',52,'2017-07-25','2017-07-26 09:31:05'),(152,2,'xl','912345','push',900,'PUSH;IOD;CANTIK;FIRSTPUSH','6','1','Rejected',57,'2017-07-25','2017-07-26 09:31:05'),(153,1,'xl','912345','pull',0,'REG;IOD;BOLA','6','1','Rejected',60,'2017-07-25','2017-07-26 09:31:05'),(154,2,'xl','912345','pull',0,'REG;IOD;CANTIK','6','2','Rejected',50,'2017-07-25','2017-07-26 09:31:05'),(155,1,'xl','912345','push',1000,'PUSH;IOD;BOLA;FIRSTPUSH','6','2','Rejected',61,'2017-07-25','2017-07-26 09:31:05'),(156,2,'xl','912345','push',900,'PUSH;IOD;CANTIK;FIRSTPUSH','6','3','Rejected',59,'2017-07-25','2017-07-26 09:31:05'),(157,1,'xl','912345','pull',0,'REG;IOD;BOLA','2','0','Deliver',66,'2017-07-25','2017-07-26 09:31:05'),(158,2,'xl','912345','pull',0,'REG;IOD;CANTIK','2','0','Deliver',71,'2017-07-25','2017-07-26 09:31:05'),(159,1,'xl','912345','push',1000,'PUSH;IOD;BOLA;FIRSTPUSH','6','1','Rejected',52,'2017-07-25','2017-07-26 09:31:05'),(160,2,'xl','912345','push',900,'PUSH;IOD;CANTIK;FIRSTPUSH','6','3','Rejected',59,'2017-07-25','2017-07-26 09:31:05'),(161,1,'xl','912345','pull',0,'REG;IOD;BOLA','2','0','Deliver',66,'2017-07-25','2017-07-26 09:31:05'),(162,2,'xl','912345','pull',0,'REG;IOD;CANTIK','6','3','Rejected',51,'2017-07-25','2017-07-26 09:31:05'),(163,1,'xl','912345','push',1000,'PUSH;IOD;BOLA;FIRSTPUSH','6','1','Rejected',52,'2017-07-25','2017-07-26 09:31:05'),(164,2,'xl','912345','push',900,'PUSH;IOD;CANTIK;FIRSTPUSH','6','1','Rejected',57,'2017-07-25','2017-07-26 09:31:05'),(165,1,'xl','912345','pull',0,'REG;IOD;BOLA','6','2','Rejected',47,'2017-07-25','2017-07-26 09:31:05'),(166,2,'xl','912345','pull',0,'REG;IOD;CANTIK','2','0','Deliver',71,'2017-07-25','2017-07-26 09:31:05'),(167,1,'xl','912345','push',1000,'PUSH;IOD;BOLA;FIRSTPUSH','2','0','Deliver',61,'2017-07-25','2017-07-26 09:31:05'),(168,2,'xl','912345','push',900,'PUSH;IOD;CANTIK;FIRSTPUSH','2','0','Deliver',59,'2017-07-25','2017-07-26 09:31:05'),(169,1,'xl','912345','pull',0,'REG;IOD;BOLA','6','2','Rejected',47,'2017-07-25','2017-07-26 09:31:05'),(170,2,'xl','912345','pull',0,'REG;IOD;CANTIK','6','3','Rejected',51,'2017-07-25','2017-07-26 09:31:05'),(171,1,'xl','912345','push',1000,'PUSH;IOD;BOLA;FIRSTPUSH','2','0','Deliver',61,'2017-07-25','2017-07-26 09:31:05'),(172,2,'xl','912345','push',900,'PUSH;IOD;CANTIK;FIRSTPUSH','2','0','Deliver',59,'2017-07-25','2017-07-26 09:31:05'),(173,1,'xl','912345','push',1000,'PUSH;IOD;BOLA;FIRSTPUSH','6','3','Rejected',55,'2017-07-25','2017-07-26 09:31:05'),(174,1,'xl','912345','pull',0,'REG;IOD;BOLA','6','2','Rejected',47,'2017-07-25','2017-07-26 09:31:05'),(175,2,'xl','912345','pull',0,'REG;IOD;CANTIK','6','2','Rejected',50,'2017-07-25','2017-07-26 09:31:05'),(176,1,'xl','912345','pull',0,'REG;IOD;BOLA','6','1','Rejected',60,'2017-07-25','2017-07-26 09:31:05'),(177,2,'xl','912345','pull',0,'REG;IOD;CANTIK','6','3','Rejected',51,'2017-07-25','2017-07-26 09:31:05'),(178,1,'xl','912345','push',1000,'PUSH;IOD;BOLA;FIRSTPUSH','6','1','Rejected',52,'2017-07-25','2017-07-26 09:31:05'),(179,2,'xl','912345','push',900,'PUSH;IOD;CANTIK;FIRSTPUSH','6','1','Rejected',57,'2017-07-25','2017-07-26 09:31:05'),(180,2,'xl','912345','push',900,'PUSH;IOD;CANTIK;FIRSTPUSH','6','1','Rejected',57,'2017-07-25','2017-07-26 09:31:05'),(181,1,'xl','912345','pull',0,'REG;IOD;BOLA','6','1','Rejected',60,'2017-07-25','2017-07-26 09:31:05'),(182,2,'xl','912345','pull',0,'REG;IOD;CANTIK','6','1','Rejected',57,'2017-07-25','2017-07-26 09:31:05'),(183,1,'xl','912345','push',1000,'PUSH;IOD;BOLA;FIRSTPUSH','2','0','Deliver',61,'2017-07-25','2017-07-26 09:31:05'),(184,2,'xl','912345','push',900,'PUSH;IOD;CANTIK;FIRSTPUSH','6','1','Rejected',57,'2017-07-25','2017-07-26 09:31:05'),(185,1,'xl','912345','pull',0,'REG;IOD;BOLA','6','2','Rejected',47,'2017-07-25','2017-07-26 09:31:05'),(186,2,'xl','912345','pull',0,'REG;IOD;CANTIK','6','1','Rejected',57,'2017-07-25','2017-07-26 09:31:05'),(187,1,'xl','912345','push',1000,'PUSH;IOD;BOLA;FIRSTPUSH','6','1','Rejected',52,'2017-07-25','2017-07-26 09:31:05'),(188,2,'xl','912345','push',900,'PUSH;IOD;CANTIK;FIRSTPUSH','2','0','Deliver',59,'2017-07-25','2017-07-26 09:31:05'),(189,1,'xl','912345','pull',0,'REG;IOD;BOLA','6','1','Rejected',60,'2017-07-25','2017-07-26 09:31:05'),(190,2,'xl','912345','pull',0,'REG;IOD;CANTIK','2','0','Deliver',71,'2017-07-25','2017-07-26 09:31:05'),(191,1,'xl','912345','push',1000,'PUSH;IOD;BOLA;FIRSTPUSH','6','1','Rejected',52,'2017-07-25','2017-07-26 09:31:05'),(192,2,'xl','912345','push',900,'PUSH;IOD;CANTIK;FIRSTPUSH','6','3','Rejected',59,'2017-07-25','2017-07-26 09:31:05'),(193,1,'xl','912345','pull',0,'REG;IOD;BOLA','2','0','Deliver',66,'2017-07-25','2017-07-26 09:31:05'),(194,2,'xl','912345','pull',0,'REG;IOD;CANTIK','2','0','Deliver',71,'2017-07-25','2017-07-26 09:31:05'),(195,2,'xl','912345','push',900,'PUSH;IOD;CANTIK;FIRSTPUSH','6','2','Rejected',54,'2017-07-25','2017-07-26 09:31:05'),(196,1,'xl','912345','push',1000,'PUSH;IOD;BOLA;FIRSTPUSH','6','2','Rejected',61,'2017-07-25','2017-07-26 09:31:05'),(197,1,'xl','912345','pull',0,'REG;IOD;BOLA','2','0','Deliver',66,'2017-07-25','2017-07-26 09:31:05'),(198,2,'xl','912345','pull',0,'REG;IOD;CANTIK','6','2','Rejected',50,'2017-07-25','2017-07-26 09:31:05'),(199,1,'xl','912345','push',1000,'PUSH;IOD;BOLA;FIRSTPUSH','6','1','Rejected',52,'2017-07-25','2017-07-26 09:31:05'),(200,2,'xl','912345','push',900,'PUSH;IOD;CANTIK;FIRSTPUSH','2','0','Deliver',59,'2017-07-25','2017-07-26 09:31:05'),(201,1,'xl','912345','pull',0,'REG;IOD;BOLA','2','0','Deliver',66,'2017-07-25','2017-07-26 09:31:05'),(202,2,'xl','912345','pull',0,'REG;IOD;CANTIK','6','1','Rejected',57,'2017-07-25','2017-07-26 09:31:05'),(203,1,'xl','912345','push',1000,'PUSH;IOD;BOLA;FIRSTPUSH','6','3','Rejected',55,'2017-07-25','2017-07-26 09:31:05'),(204,2,'xl','912345','push',900,'PUSH;IOD;CANTIK;FIRSTPUSH','2','0','Deliver',59,'2017-07-25','2017-07-26 09:31:05'),(205,1,'xl','912345','pull',0,'REG;IOD;BOLA','2','0','Deliver',66,'2017-07-25','2017-07-26 09:31:05'),(206,2,'xl','912345','pull',0,'REG;IOD;CANTIK','6','1','Rejected',57,'2017-07-25','2017-07-26 09:31:05'),(207,1,'xl','912345','push',1000,'PUSH;IOD;BOLA;FIRSTPUSH','6','3','Rejected',55,'2017-07-25','2017-07-26 09:31:05'),(208,2,'xl','912345','push',900,'PUSH;IOD;CANTIK;FIRSTPUSH','6','1','Rejected',57,'2017-07-25','2017-07-26 09:31:05'),(209,1,'xl','912345','pull',0,'REG;IOD;BOLA','6','3','Rejected',56,'2017-07-25','2017-07-26 09:31:05'),(210,2,'xl','912345','pull',0,'REG;IOD;CANTIK','2','0','Deliver',71,'2017-07-25','2017-07-26 09:31:05'),(211,2,'xl','912345','push',900,'PUSH;IOD;CANTIK;FIRSTPUSH','2','0','Deliver',59,'2017-07-25','2017-07-26 09:31:05'),(212,1,'xl','912345','push',1000,'PUSH;IOD;BOLA;FIRSTPUSH','6','3','Rejected',55,'2017-07-25','2017-07-26 09:31:05'),(213,1,'xl','912345','pull',0,'REG;IOD;BOLA','2','0','Deliver',66,'2017-07-25','2017-07-26 09:31:05'),(214,2,'xl','912345','pull',0,'REG;IOD;CANTIK','6','2','Rejected',50,'2017-07-25','2017-07-26 09:31:05'),(215,1,'xl','912345','push',1000,'PUSH;IOD;BOLA;FIRSTPUSH','6','1','Rejected',52,'2017-07-25','2017-07-26 09:31:05'),(216,2,'xl','912345','push',900,'PUSH;IOD;CANTIK;FIRSTPUSH','6','2','Rejected',54,'2017-07-25','2017-07-26 09:31:05'),(217,1,'xl','912345','pull',0,'REG;IOD;BOLA','6','2','Rejected',47,'2017-07-25','2017-07-26 09:31:05'),(218,2,'xl','912345','pull',0,'REG;IOD;CANTIK','2','0','Deliver',71,'2017-07-25','2017-07-26 09:31:05'),(219,2,'xl','912345','push',900,'PUSH;IOD;CANTIK;FIRSTPUSH','6','2','Rejected',54,'2017-07-25','2017-07-26 09:31:05'),(220,1,'xl','912345','push',1000,'PUSH;IOD;BOLA;FIRSTPUSH','6','2','Rejected',61,'2017-07-25','2017-07-26 09:31:05'),(221,2,'xl','912345','push',900,'PUSH;IOD;CANTIK;FIRSTPUSH','6','3','Rejected',59,'2017-07-25','2017-07-26 09:31:05'),(222,1,'xl','912345','pull',0,'REG;IOD;BOLA','6','1','Rejected',60,'2017-07-25','2017-07-26 09:31:05'),(223,2,'xl','912345','pull',0,'REG;IOD;CANTIK','2','0','Deliver',71,'2017-07-25','2017-07-26 09:31:05'),(224,1,'xl','912345','pull',0,'REG;IOD;BOLA','6','3','Rejected',56,'2017-07-25','2017-07-26 09:31:05'),(225,2,'xl','912345','pull',0,'REG;IOD;CANTIK','6','1','Rejected',57,'2017-07-25','2017-07-26 09:31:05'),(226,1,'xl','912345','push',1000,'PUSH;IOD;BOLA;FIRSTPUSH','2','0','Deliver',61,'2017-07-25','2017-07-26 09:31:05'),(227,2,'xl','912345','push',900,'PUSH;IOD;CANTIK;FIRSTPUSH','6','3','Rejected',59,'2017-07-25','2017-07-26 09:31:05'),(228,1,'xl','912345','push',1000,'PUSH;IOD;BOLA;FIRSTPUSH','6','1','Rejected',52,'2017-07-25','2017-07-26 09:31:05'),(229,1,'xl','912345','pull',0,'REG;IOD;BOLA','2','0','Deliver',66,'2017-07-25','2017-07-26 09:31:05'),(230,2,'xl','912345','pull',0,'REG;IOD;CANTIK','2','0','Deliver',71,'2017-07-25','2017-07-26 09:31:05'),(231,1,'xl','912345','push',1000,'PUSH;IOD;BOLA;FIRSTPUSH','6','2','Rejected',61,'2017-07-25','2017-07-26 09:31:05'),(232,2,'xl','912345','push',900,'PUSH;IOD;CANTIK;FIRSTPUSH','6','3','Rejected',59,'2017-07-25','2017-07-26 09:31:05'),(233,1,'xl','912345','pull',0,'REG;IOD;BOLA','6','1','Rejected',60,'2017-07-25','2017-07-26 09:31:05'),(234,2,'xl','912345','pull',0,'REG;IOD;CANTIK','6','2','Rejected',50,'2017-07-25','2017-07-26 09:31:05'),(235,1,'xl','912345','push',1000,'PUSH;IOD;BOLA;FIRSTPUSH','6','1','Rejected',52,'2017-07-25','2017-07-26 09:31:05'),(236,2,'xl','912345','push',900,'PUSH;IOD;CANTIK;FIRSTPUSH','6','3','Rejected',59,'2017-07-25','2017-07-26 09:31:05'),(237,1,'xl','912345','pull',0,'REG;IOD;BOLA','6','3','Rejected',56,'2017-07-25','2017-07-26 09:31:05'),(238,2,'xl','912345','pull',0,'REG;IOD;CANTIK','2','0','Deliver',71,'2017-07-25','2017-07-26 09:31:05'),(239,2,'xl','912345','push',900,'PUSH;IOD;CANTIK;FIRSTPUSH','2','0','Deliver',59,'2017-07-25','2017-07-26 09:31:05'),(240,1,'xl','912345','push',1000,'PUSH;IOD;BOLA;FIRSTPUSH','6','1','Rejected',52,'2017-07-25','2017-07-26 09:31:05'),(241,1,'xl','912345','pull',0,'REG;IOD;BOLA','2','0','Deliver',66,'2017-07-25','2017-07-26 09:31:05'),(242,2,'xl','912345','pull',0,'REG;IOD;CANTIK','6','1','Rejected',57,'2017-07-25','2017-07-26 09:31:05'),(243,2,'xl','912345','push',900,'PUSH;IOD;CANTIK;FIRSTPUSH','6','2','Rejected',54,'2017-07-25','2017-07-26 09:31:05'),(244,1,'xl','912345','push',1000,'PUSH;IOD;BOLA;FIRSTPUSH','2','0','Deliver',61,'2017-07-25','2017-07-26 09:31:05'),(245,1,'xl','912345','pull',0,'REG;IOD;BOLA','2','0','Deliver',66,'2017-07-25','2017-07-26 09:31:05'),(246,2,'xl','912345','pull',0,'REG;IOD;CANTIK','6','3','Rejected',51,'2017-07-25','2017-07-26 09:31:05'),(247,1,'xl','912345','push',1000,'PUSH;IOD;BOLA;FIRSTPUSH','2','0','Deliver',61,'2017-07-25','2017-07-26 09:31:05'),(248,2,'xl','912345','push',900,'PUSH;IOD;CANTIK;FIRSTPUSH','6','2','Rejected',54,'2017-07-25','2017-07-26 09:31:05'),(249,1,'xl','912345','pull',0,'REG;IOD;BOLA','6','1','Rejected',60,'2017-07-25','2017-07-26 09:31:05'),(250,2,'xl','912345','pull',0,'REG;IOD;CANTIK','6','3','Rejected',51,'2017-07-25','2017-07-26 09:31:05'),(251,2,'xl','912345','push',900,'PUSH;IOD;CANTIK;FIRSTPUSH','2','0','Deliver',59,'2017-07-25','2017-07-26 09:31:05'),(252,1,'xl','912345','push',1000,'PUSH;IOD;BOLA;FIRSTPUSH','6','2','Rejected',61,'2017-07-25','2017-07-26 09:31:05'),(253,1,'xl','912345','pull',0,'REG;IOD;BOLA','6','3','Rejected',56,'2017-07-25','2017-07-26 09:31:05'),(254,2,'xl','912345','pull',0,'REG;IOD;CANTIK','2','0','Deliver',71,'2017-07-25','2017-07-26 09:31:05'),(255,2,'xl','912345','push',900,'PUSH;IOD;CANTIK;FIRSTPUSH','6','1','Rejected',57,'2017-07-25','2017-07-26 09:31:05'),(256,1,'xl','912345','push',1000,'PUSH;IOD;BOLA;FIRSTPUSH','2','0','Deliver',61,'2017-07-25','2017-07-26 09:31:05'),(257,1,'xl','912345','pull',0,'REG;IOD;BOLA','6','1','Rejected',60,'2017-07-25','2017-07-26 09:31:05'),(258,2,'xl','912345','pull',0,'REG;IOD;CANTIK','6','2','Rejected',50,'2017-07-25','2017-07-26 09:31:05'),(259,2,'xl','912345','push',900,'PUSH;IOD;CANTIK;FIRSTPUSH','2','0','Deliver',59,'2017-07-25','2017-07-26 09:31:05'),(260,1,'xl','912345','push',1000,'PUSH;IOD;BOLA;FIRSTPUSH','6','2','Rejected',61,'2017-07-25','2017-07-26 09:31:05'),(261,1,'xl','912345','pull',0,'REG;IOD;BOLA','2','0','Deliver',66,'2017-07-25','2017-07-26 09:31:05'),(262,2,'xl','912345','pull',0,'REG;IOD;CANTIK','6','2','Rejected',50,'2017-07-25','2017-07-26 09:31:05'),(263,2,'xl','912345','push',900,'PUSH;IOD;CANTIK;FIRSTPUSH','6','1','Rejected',57,'2017-07-25','2017-07-26 09:31:05'),(264,1,'xl','912345','push',1000,'PUSH;IOD;BOLA;FIRSTPUSH','6','3','Rejected',55,'2017-07-25','2017-07-26 09:31:05'),(265,1,'xl','912345','pull',0,'REG;IOD;BOLA','2','0','Deliver',66,'2017-07-25','2017-07-26 09:31:05'),(266,2,'xl','912345','pull',0,'REG;IOD;CANTIK','6','3','Rejected',51,'2017-07-25','2017-07-26 09:31:05'),(267,2,'xl','912345','pull',0,'REG;IOD;CANTIK','2','0','Deliver',71,'2017-07-25','2017-07-26 09:31:05'),(268,2,'xl','912345','push',900,'PUSH;IOD;CANTIK;FIRSTPUSH','6','1','Rejected',57,'2017-07-25','2017-07-26 09:31:05'),(269,1,'xl','912345','push',1000,'PUSH;IOD;BOLA;FIRSTPUSH','6','2','Rejected',61,'2017-07-25','2017-07-26 09:31:05'),(270,1,'xl','912345','pull',0,'REG;IOD;BOLA','6','1','Rejected',60,'2017-07-25','2017-07-26 09:31:05'),(271,1,'xl','912345','pull',0,'REG;IOD;BOLA','6','1','Rejected',60,'2017-07-25','2017-07-26 09:31:05'),(272,2,'xl','912345','pull',0,'REG;IOD;CANTIK','6','3','Rejected',51,'2017-07-25','2017-07-26 09:31:05'),(273,1,'xl','912345','push',1000,'PUSH;IOD;BOLA;FIRSTPUSH','6','1','Rejected',52,'2017-07-25','2017-07-26 09:31:05'),(274,2,'xl','912345','push',900,'PUSH;IOD;CANTIK;FIRSTPUSH','6','2','Rejected',54,'2017-07-25','2017-07-26 09:31:05'),(275,1,'xl','912345','push',1000,'PUSH;IOD;BOLA;FIRSTPUSH','6','3','Rejected',55,'2017-07-25','2017-07-26 09:31:05'),(276,2,'xl','912345','push',900,'PUSH;IOD;CANTIK;FIRSTPUSH','6','3','Rejected',59,'2017-07-25','2017-07-26 09:31:05'),(277,1,'xl','912345','push',1000,'PUSH;IOD;BOLA;FIRSTPUSH','6','3','Rejected',55,'2017-07-25','2017-07-26 09:31:05'),(278,1,'xl','912345','pull',0,'REG;IOD;BOLA','6','2','Rejected',47,'2017-07-25','2017-07-26 09:31:05'),(279,2,'xl','912345','pull',0,'REG;IOD;CANTIK','2','0','Deliver',71,'2017-07-25','2017-07-26 09:31:05'),(280,2,'xl','912345','push',900,'PUSH;IOD;CANTIK;FIRSTPUSH','2','0','Deliver',59,'2017-07-25','2017-07-26 09:31:05'),(281,1,'xl','912345','pull',0,'REG;IOD;BOLA','6','2','Rejected',47,'2017-07-25','2017-07-26 09:31:05'),(282,2,'xl','912345','pull',0,'REG;IOD;CANTIK','6','1','Rejected',57,'2017-07-25','2017-07-26 09:31:05'),(283,1,'xl','912345','push',1000,'PUSH;IOD;BOLA;FIRSTPUSH','6','3','Rejected',55,'2017-07-25','2017-07-26 09:31:05'),(284,2,'xl','912345','push',900,'PUSH;IOD;CANTIK;FIRSTPUSH','6','1','Rejected',57,'2017-07-25','2017-07-26 09:31:05'),(285,2,'xl','912345','push',900,'PUSH;IOD;CANTIK;FIRSTPUSH','2','0','Deliver',59,'2017-07-25','2017-07-26 09:31:05'),(286,1,'xl','912345','pull',0,'REG;IOD;BOLA','6','2','Rejected',47,'2017-07-25','2017-07-26 09:31:05'),(287,2,'xl','912345','pull',0,'REG;IOD;CANTIK','6','2','Rejected',50,'2017-07-25','2017-07-26 09:31:05'),(288,1,'xl','912345','push',1000,'PUSH;IOD;BOLA;FIRSTPUSH','2','0','Deliver',61,'2017-07-25','2017-07-26 09:31:05'),(289,1,'xl','912345','pull',0,'REG;IOD;BOLA','6','3','Rejected',56,'2017-07-25','2017-07-26 09:31:05'),(290,2,'xl','912345','pull',0,'REG;IOD;CANTIK','2','0','Deliver',71,'2017-07-25','2017-07-26 09:31:05'),(291,1,'xl','912345','push',1000,'PUSH;IOD;BOLA;FIRSTPUSH','2','0','Deliver',61,'2017-07-25','2017-07-26 09:31:05'),(292,2,'xl','912345','push',900,'PUSH;IOD;CANTIK;FIRSTPUSH','6','1','Rejected',57,'2017-07-25','2017-07-26 09:31:05'),(293,1,'xl','912345','pull',0,'REG;IOD;BOLA','6','2','Rejected',47,'2017-07-25','2017-07-26 09:31:05'),(294,2,'xl','912345','pull',0,'REG;IOD;CANTIK','6','1','Rejected',57,'2017-07-25','2017-07-26 09:31:05'),(295,1,'xl','912345','push',1000,'PUSH;IOD;BOLA;FIRSTPUSH','2','0','Deliver',61,'2017-07-25','2017-07-26 09:31:05'),(296,2,'xl','912345','push',900,'PUSH;IOD;CANTIK;FIRSTPUSH','2','0','Deliver',59,'2017-07-25','2017-07-26 09:31:05'),(297,1,'xl','912345','pull',0,'REG;IOD;BOLA','6','1','Rejected',60,'2017-07-25','2017-07-26 09:31:05'),(298,2,'xl','912345','pull',0,'REG;IOD;CANTIK','6','3','Rejected',51,'2017-07-25','2017-07-26 09:31:05'),(299,1,'xl','912345','push',1000,'PUSH;IOD;BOLA;FIRSTPUSH','6','2','Rejected',61,'2017-07-25','2017-07-26 09:31:05'),(300,2,'xl','912345','push',900,'PUSH;IOD;CANTIK;FIRSTPUSH','2','0','Deliver',59,'2017-07-25','2017-07-26 09:31:05'),(301,1,'xl','912345','pull',0,'REG;IOD;BOLA','6','3','Rejected',56,'2017-07-25','2017-07-26 09:31:05'),(302,1,'xl','912345','push',1000,'PUSH;IOD;BOLA;FIRSTPUSH','6','1','Rejected',52,'2017-07-25','2017-07-26 09:31:05'),(303,2,'xl','912345','pull',0,'REG;IOD;CANTIK','6','1','Rejected',57,'2017-07-25','2017-07-26 09:31:05'),(304,1,'xl','912345','pull',0,'REG;IOD;BOLA','2','0','Deliver',66,'2017-07-25','2017-07-26 09:31:05'),(305,2,'xl','912345','push',900,'PUSH;IOD;CANTIK;FIRSTPUSH','2','0','Deliver',59,'2017-07-25','2017-07-26 09:31:05'),(306,1,'xl','912345','push',1000,'PUSH;IOD;BOLA;FIRSTPUSH','6','2','Rejected',61,'2017-07-25','2017-07-26 09:31:05'),(307,2,'xl','912345','pull',0,'REG;IOD;CANTIK','2','0','Deliver',71,'2017-07-25','2017-07-26 09:31:05'),(308,1,'xl','912345','pull',0,'REG;IOD;BOLA','6','1','Rejected',60,'2017-07-25','2017-07-26 09:31:05'),(309,2,'xl','912345','push',900,'PUSH;IOD;CANTIK;FIRSTPUSH','6','1','Rejected',57,'2017-07-25','2017-07-26 09:31:05'),(310,1,'xl','912345','push',1000,'PUSH;IOD;BOLA;FIRSTPUSH','6','1','Rejected',52,'2017-07-25','2017-07-26 09:31:05'),(311,2,'xl','912345','pull',0,'REG;IOD;CANTIK','2','0','Deliver',71,'2017-07-25','2017-07-26 09:31:05'),(312,1,'xl','912345','pull',0,'REG;IOD;BOLA','6','2','Rejected',47,'2017-07-25','2017-07-26 09:31:05'),(313,2,'xl','912345','push',900,'PUSH;IOD;CANTIK;FIRSTPUSH','6','2','Rejected',54,'2017-07-25','2017-07-26 09:31:05'),(314,1,'xl','912345','push',1000,'PUSH;IOD;BOLA;FIRSTPUSH','6','3','Rejected',55,'2017-07-25','2017-07-26 09:31:05'),(315,2,'xl','912345','pull',0,'REG;IOD;CANTIK','2','0','Deliver',71,'2017-07-25','2017-07-26 09:31:05'),(316,1,'xl','912345','pull',0,'REG;IOD;BOLA','2','0','Deliver',66,'2017-07-25','2017-07-26 09:31:05'),(317,2,'xl','912345','pull',0,'REG;IOD;CANTIK','2','0','Deliver',71,'2017-07-25','2017-07-26 09:31:05'),(318,1,'xl','912345','pull',0,'REG;IOD;BOLA','2','0','Deliver',66,'2017-07-25','2017-07-26 09:31:05'),(319,2,'xl','912345','pull',0,'REG;IOD;CANTIK','6','2','Rejected',50,'2017-07-25','2017-07-26 09:31:05'),(320,2,'xl','912345','push',900,'PUSH;IOD;CANTIK;FIRSTPUSH','6','2','Rejected',54,'2017-07-25','2017-07-26 09:31:05'),(321,2,'xl','912345','push',900,'PUSH;IOD;CANTIK;FIRSTPUSH','6','2','Rejected',54,'2017-07-25','2017-07-26 09:31:05'),(322,2,'xl','912345','push',900,'PUSH;IOD;CANTIK;FIRSTPUSH','6','2','Rejected',54,'2017-07-25','2017-07-26 09:31:05'),(323,1,'xl','912345','push',1000,'PUSH;IOD;BOLA;FIRSTPUSH','6','1','Rejected',52,'2017-07-25','2017-07-26 09:31:05'),(324,1,'xl','912345','push',1000,'PUSH;IOD;BOLA;FIRSTPUSH','6','3','Rejected',55,'2017-07-25','2017-07-26 09:31:05'),(325,1,'xl','912345','pull',0,'REG;IOD;BOLA','6','3','Rejected',56,'2017-07-25','2017-07-26 09:31:05'),(326,2,'xl','912345','pull',0,'REG;IOD;CANTIK','6','3','Rejected',51,'2017-07-25','2017-07-26 09:31:05'),(327,1,'xl','912345','push',1000,'PUSH;IOD;BOLA;FIRSTPUSH','6','3','Rejected',55,'2017-07-25','2017-07-26 09:31:05'),(328,2,'xl','912345','push',900,'PUSH;IOD;CANTIK;FIRSTPUSH','6','2','Rejected',54,'2017-07-25','2017-07-26 09:31:05'),(329,1,'xl','912345','pull',0,'REG;IOD;BOLA','2','0','Deliver',66,'2017-07-25','2017-07-26 09:31:05'),(330,2,'xl','912345','pull',0,'REG;IOD;CANTIK','6','3','Rejected',51,'2017-07-25','2017-07-26 09:31:05'),(331,1,'xl','912345','push',1000,'PUSH;IOD;BOLA;FIRSTPUSH','6','2','Rejected',61,'2017-07-25','2017-07-26 09:31:05'),(332,2,'xl','912345','push',900,'PUSH;IOD;CANTIK;FIRSTPUSH','6','1','Rejected',57,'2017-07-25','2017-07-26 09:31:05'),(333,1,'xl','912345','pull',0,'REG;IOD;BOLA','6','2','Rejected',47,'2017-07-25','2017-07-26 09:31:05'),(334,2,'xl','912345','pull',0,'REG;IOD;CANTIK','2','0','Deliver',71,'2017-07-25','2017-07-26 09:31:05'),(335,1,'xl','912345','push',1000,'PUSH;IOD;BOLA;FIRSTPUSH','6','2','Rejected',61,'2017-07-25','2017-07-26 09:31:05'),(336,2,'xl','912345','push',900,'PUSH;IOD;CANTIK;FIRSTPUSH','6','1','Rejected',57,'2017-07-25','2017-07-26 09:31:05'),(337,1,'xl','912345','pull',0,'REG;IOD;BOLA','6','3','Rejected',56,'2017-07-25','2017-07-26 09:31:05'),(338,2,'xl','912345','pull',0,'REG;IOD;CANTIK','6','1','Rejected',57,'2017-07-25','2017-07-26 09:31:05'),(339,2,'xl','912345','push',900,'PUSH;IOD;CANTIK;FIRSTPUSH','2','0','Deliver',59,'2017-07-25','2017-07-26 09:31:05'),(340,1,'xl','912345','push',1000,'PUSH;IOD;BOLA;FIRSTPUSH','2','0','Deliver',61,'2017-07-25','2017-07-26 09:31:05'),(341,1,'xl','912345','pull',0,'REG;IOD;BOLA','2','0','Deliver',66,'2017-07-25','2017-07-26 09:31:05'),(342,1,'xl','912345','push',1000,'PUSH;IOD;BOLA;FIRSTPUSH','2','0','Deliver',61,'2017-07-25','2017-07-26 09:31:05'),(343,2,'xl','912345','pull',0,'REG;IOD;CANTIK','6','3','Rejected',51,'2017-07-25','2017-07-26 09:31:05'),(344,1,'xl','912345','pull',0,'REG;IOD;BOLA','2','0','Deliver',66,'2017-07-25','2017-07-26 09:31:05'),(345,1,'xl','912345','push',1000,'PUSH;IOD;BOLA;FIRSTPUSH','6','2','Rejected',61,'2017-07-25','2017-07-26 09:31:05'),(346,2,'xl','912345','push',900,'PUSH;IOD;CANTIK;FIRSTPUSH','6','1','Rejected',57,'2017-07-25','2017-07-26 09:31:05'),(347,2,'xl','912345','pull',0,'REG;IOD;CANTIK','6','1','Rejected',57,'2017-07-25','2017-07-26 09:31:05'),(348,1,'xl','912345','pull',0,'REG;IOD;BOLA','2','0','Deliver',66,'2017-07-25','2017-07-26 09:31:05'),(349,1,'xl','912345','push',1000,'PUSH;IOD;BOLA;FIRSTPUSH','6','1','Rejected',52,'2017-07-25','2017-07-26 09:31:05'),(350,2,'xl','912345','push',900,'PUSH;IOD;CANTIK;FIRSTPUSH','6','2','Rejected',54,'2017-07-25','2017-07-26 09:31:05'),(351,2,'xl','912345','pull',0,'REG;IOD;CANTIK','6','1','Rejected',57,'2017-07-25','2017-07-26 09:31:05'),(352,1,'xl','912345','pull',0,'REG;IOD;BOLA','6','3','Rejected',56,'2017-07-25','2017-07-26 09:31:05'),(353,2,'xl','912345','push',900,'PUSH;IOD;CANTIK;FIRSTPUSH','6','2','Rejected',54,'2017-07-25','2017-07-26 09:31:05'),(354,1,'xl','912345','push',1000,'PUSH;IOD;BOLA;FIRSTPUSH','6','1','Rejected',52,'2017-07-25','2017-07-26 09:31:05'),(355,2,'xl','912345','pull',0,'REG;IOD;CANTIK','6','2','Rejected',50,'2017-07-25','2017-07-26 09:31:05'),(356,1,'xl','912345','pull',0,'REG;IOD;BOLA','2','0','Deliver',66,'2017-07-25','2017-07-26 09:31:05'),(357,1,'xl','912345','push',1000,'PUSH;IOD;BOLA;FIRSTPUSH','6','1','Rejected',52,'2017-07-25','2017-07-26 09:31:05'),(358,2,'xl','912345','push',900,'PUSH;IOD;CANTIK;FIRSTPUSH','6','1','Rejected',57,'2017-07-25','2017-07-26 09:31:05'),(359,2,'xl','912345','pull',0,'REG;IOD;CANTIK','2','0','Deliver',71,'2017-07-25','2017-07-26 09:31:05'),(360,1,'xl','912345','pull',0,'REG;IOD;BOLA','6','2','Rejected',47,'2017-07-25','2017-07-26 09:31:05'),(361,2,'xl','912345','push',900,'PUSH;IOD;CANTIK;FIRSTPUSH','6','3','Rejected',59,'2017-07-25','2017-07-26 09:31:05'),(362,1,'xl','912345','push',1000,'PUSH;IOD;BOLA;FIRSTPUSH','6','2','Rejected',61,'2017-07-25','2017-07-26 09:31:05'),(363,2,'xl','912345','pull',0,'REG;IOD;CANTIK','6','3','Rejected',51,'2017-07-25','2017-07-26 09:31:05'),(364,1,'xl','912345','pull',0,'REG;IOD;BOLA','6','3','Rejected',56,'2017-07-25','2017-07-26 09:31:05'),(365,2,'xl','912345','pull',0,'REG;IOD;CANTIK','6','1','Rejected',57,'2017-07-25','2017-07-26 09:31:05'),(366,2,'xl','912345','push',900,'PUSH;IOD;CANTIK;FIRSTPUSH','6','1','Rejected',57,'2017-07-25','2017-07-26 09:31:05'),(367,2,'xl','912345','push',900,'PUSH;IOD;CANTIK;FIRSTPUSH','6','1','Rejected',57,'2017-07-25','2017-07-26 09:31:05'),(368,1,'xl','912345','push',1000,'PUSH;IOD;BOLA;FIRSTPUSH','6','2','Rejected',61,'2017-07-25','2017-07-26 09:31:05'),(369,1,'xl','912345','pull',0,'REG;IOD;BOLA','6','2','Rejected',47,'2017-07-25','2017-07-26 09:31:05'),(370,2,'xl','912345','pull',0,'REG;IOD;CANTIK','6','1','Rejected',57,'2017-07-25','2017-07-26 09:31:05'),(371,1,'xl','912345','push',1000,'PUSH;IOD;BOLA;FIRSTPUSH','6','3','Rejected',55,'2017-07-25','2017-07-26 09:31:05'),(372,2,'xl','912345','push',900,'PUSH;IOD;CANTIK;FIRSTPUSH','6','3','Rejected',59,'2017-07-25','2017-07-26 09:31:05'),(373,1,'xl','912345','pull',0,'REG;IOD;BOLA','2','0','Deliver',66,'2017-07-25','2017-07-26 09:31:05'),(374,2,'xl','912345','pull',0,'REG;IOD;CANTIK','2','0','Deliver',71,'2017-07-25','2017-07-26 09:31:05'),(375,2,'xl','912345','push',900,'PUSH;IOD;CANTIK;FIRSTPUSH','2','0','Deliver',59,'2017-07-25','2017-07-26 09:31:05'),(376,1,'xl','912345','push',1000,'PUSH;IOD;BOLA;FIRSTPUSH','6','2','Rejected',61,'2017-07-25','2017-07-26 09:31:05'),(377,1,'xl','912345','pull',0,'REG;IOD;BOLA','6','3','Rejected',56,'2017-07-25','2017-07-26 09:31:05'),(378,2,'xl','912345','pull',0,'REG;IOD;CANTIK','2','0','Deliver',71,'2017-07-25','2017-07-26 09:31:05'),(379,2,'xl','912345','push',900,'PUSH;IOD;CANTIK;FIRSTPUSH','6','2','Rejected',54,'2017-07-25','2017-07-26 09:31:05'),(380,1,'xl','912345','push',1000,'PUSH;IOD;BOLA;FIRSTPUSH','6','1','Rejected',52,'2017-07-25','2017-07-26 09:31:05'),(381,1,'xl','912345','pull',0,'REG;IOD;BOLA','6','3','Rejected',56,'2017-07-25','2017-07-26 09:31:05'),(382,2,'xl','912345','pull',0,'REG;IOD;CANTIK','2','0','Deliver',71,'2017-07-25','2017-07-26 09:31:05'),(383,1,'xl','912345','push',1000,'PUSH;IOD;BOLA;FIRSTPUSH','2','0','Deliver',61,'2017-07-25','2017-07-26 09:31:05'),(384,2,'xl','912345','push',900,'PUSH;IOD;CANTIK;FIRSTPUSH','6','1','Rejected',57,'2017-07-25','2017-07-26 09:31:05'),(385,1,'xl','912345','pull',0,'REG;IOD;BOLA','2','0','Deliver',66,'2017-07-25','2017-07-26 09:31:05'),(386,2,'xl','912345','pull',0,'REG;IOD;CANTIK','2','0','Deliver',71,'2017-07-25','2017-07-26 09:31:05'),(387,1,'xl','912345','push',1000,'PUSH;IOD;BOLA;FIRSTPUSH','6','2','Rejected',61,'2017-07-25','2017-07-26 09:31:05'),(388,2,'xl','912345','push',900,'PUSH;IOD;CANTIK;FIRSTPUSH','6','3','Rejected',59,'2017-07-25','2017-07-26 09:31:05'),(389,1,'xl','912345','pull',0,'REG;IOD;BOLA','6','2','Rejected',47,'2017-07-25','2017-07-26 09:31:05'),(390,2,'xl','912345','pull',0,'REG;IOD;CANTIK','6','1','Rejected',57,'2017-07-25','2017-07-26 09:31:05'),(391,1,'xl','912345','push',1000,'PUSH;IOD;BOLA;FIRSTPUSH','6','1','Rejected',52,'2017-07-25','2017-07-26 09:31:05'),(392,2,'xl','912345','push',900,'PUSH;IOD;CANTIK;FIRSTPUSH','6','1','Rejected',57,'2017-07-25','2017-07-26 09:31:05'),(393,1,'xl','912345','pull',0,'REG;IOD;BOLA','6','2','Rejected',47,'2017-07-25','2017-07-26 09:31:05'),(394,2,'xl','912345','pull',0,'REG;IOD;CANTIK','6','2','Rejected',50,'2017-07-25','2017-07-26 09:31:05'),(395,2,'xl','912345','push',900,'PUSH;IOD;CANTIK;FIRSTPUSH','2','0','Deliver',59,'2017-07-25','2017-07-26 09:31:05'),(396,1,'xl','912345','push',1000,'PUSH;IOD;BOLA;FIRSTPUSH','2','0','Deliver',61,'2017-07-25','2017-07-26 09:31:05'),(397,1,'xl','912345','pull',0,'REG;IOD;BOLA','6','2','Rejected',47,'2017-07-25','2017-07-26 09:31:05'),(398,2,'xl','912345','pull',0,'REG;IOD;CANTIK','6','3','Rejected',51,'2017-07-25','2017-07-26 09:31:05'),(399,1,'xl','912345','push',1000,'PUSH;IOD;BOLA;FIRSTPUSH','6','3','Rejected',55,'2017-07-25','2017-07-26 09:31:05'),(400,2,'xl','912345','push',900,'PUSH;IOD;CANTIK;FIRSTPUSH','6','2','Rejected',54,'2017-07-25','2017-07-26 09:31:05'),(401,1,'xl','912345','pull',0,'REG;IOD;BOLA','2','0','Deliver',66,'2017-07-25','2017-07-26 09:31:05'),(402,2,'xl','912345','pull',0,'REG;IOD;CANTIK','6','3','Rejected',51,'2017-07-25','2017-07-26 09:31:05'),(403,2,'xl','912345','push',900,'PUSH;IOD;CANTIK;FIRSTPUSH','6','3','Rejected',59,'2017-07-25','2017-07-26 09:31:05'),(404,1,'xl','912345','push',1000,'PUSH;IOD;BOLA;FIRSTPUSH','6','2','Rejected',61,'2017-07-25','2017-07-26 09:31:05'),(405,1,'xl','912345','push',1000,'PUSH;IOD;BOLA;FIRSTPUSH','2','0','Deliver',61,'2017-07-25','2017-07-26 09:31:05'),(406,1,'xl','912345','pull',0,'REG;IOD;BOLA','6','2','Rejected',47,'2017-07-25','2017-07-26 09:31:05'),(407,2,'xl','912345','pull',0,'REG;IOD;CANTIK','6','2','Rejected',50,'2017-07-25','2017-07-26 09:31:05'),(408,2,'xl','912345','push',900,'PUSH;IOD;CANTIK;FIRSTPUSH','6','2','Rejected',54,'2017-07-25','2017-07-26 09:31:05'),(409,1,'xl','912345','pull',0,'REG;IOD;BOLA','6','1','Rejected',60,'2017-07-25','2017-07-26 09:31:05'),(410,2,'xl','912345','pull',0,'REG;IOD;CANTIK','6','3','Rejected',51,'2017-07-25','2017-07-26 09:31:05'),(411,1,'xl','912345','push',1000,'PUSH;IOD;BOLA;FIRSTPUSH','6','3','Rejected',55,'2017-07-25','2017-07-26 09:31:05'),(412,2,'xl','912345','push',900,'PUSH;IOD;CANTIK;FIRSTPUSH','2','0','Deliver',59,'2017-07-25','2017-07-26 09:31:05'),(413,1,'xl','912345','pull',0,'REG;IOD;BOLA','6','1','Rejected',60,'2017-07-25','2017-07-26 09:31:05'),(414,2,'xl','912345','pull',0,'REG;IOD;CANTIK','2','0','Deliver',71,'2017-07-25','2017-07-26 09:31:05'),(415,1,'xl','912345','pull',0,'REG;IOD;BOLA','2','0','Deliver',66,'2017-07-25','2017-07-26 09:31:05'),(416,2,'xl','912345','pull',0,'REG;IOD;CANTIK','6','2','Rejected',50,'2017-07-25','2017-07-26 09:31:05'),(417,2,'xl','912345','push',900,'PUSH;IOD;CANTIK;FIRSTPUSH','6','2','Rejected',54,'2017-07-25','2017-07-26 09:31:05'),(418,1,'xl','912345','push',1000,'PUSH;IOD;BOLA;FIRSTPUSH','6','2','Rejected',61,'2017-07-25','2017-07-26 09:31:05'),(419,1,'xl','912345','push',1000,'PUSH;IOD;BOLA;FIRSTPUSH','2','0','Deliver',61,'2017-07-25','2017-07-26 09:31:05'),(420,2,'xl','912345','push',900,'PUSH;IOD;CANTIK;FIRSTPUSH','2','0','Deliver',59,'2017-07-25','2017-07-26 09:31:05'),(421,1,'xl','912345','pull',0,'REG;IOD;BOLA','6','1','Rejected',60,'2017-07-25','2017-07-26 09:31:05'),(422,2,'xl','912345','pull',0,'REG;IOD;CANTIK','6','2','Rejected',50,'2017-07-25','2017-07-26 09:31:05'),(423,2,'xl','912345','push',900,'PUSH;IOD;CANTIK;FIRSTPUSH','6','1','Rejected',57,'2017-07-25','2017-07-26 09:31:05'),(424,1,'xl','912345','push',1000,'PUSH;IOD;BOLA;FIRSTPUSH','2','0','Deliver',61,'2017-07-25','2017-07-26 09:31:05'),(425,1,'xl','912345','pull',0,'REG;IOD;BOLA','6','3','Rejected',56,'2017-07-25','2017-07-26 09:31:05'),(426,2,'xl','912345','pull',0,'REG;IOD;CANTIK','6','2','Rejected',50,'2017-07-25','2017-07-26 09:31:05'),(427,2,'xl','912345','push',900,'PUSH;IOD;CANTIK;FIRSTPUSH','6','2','Rejected',54,'2017-07-25','2017-07-26 09:31:05'),(428,1,'xl','912345','push',1000,'PUSH;IOD;BOLA;FIRSTPUSH','6','1','Rejected',52,'2017-07-25','2017-07-26 09:31:05'),(429,1,'xl','912345','pull',0,'REG;IOD;BOLA','2','0','Deliver',66,'2017-07-25','2017-07-26 09:31:05'),(430,2,'xl','912345','pull',0,'REG;IOD;CANTIK','6','2','Rejected',50,'2017-07-25','2017-07-26 09:31:05'),(431,1,'xl','912345','push',1000,'PUSH;IOD;BOLA;FIRSTPUSH','2','0','Deliver',61,'2017-07-25','2017-07-26 09:31:05'),(432,2,'xl','912345','push',900,'PUSH;IOD;CANTIK;FIRSTPUSH','2','0','Deliver',59,'2017-07-25','2017-07-26 09:31:05'),(433,1,'xl','912345','pull',0,'REG;IOD;BOLA','6','2','Rejected',47,'2017-07-25','2017-07-26 09:31:05'),(434,2,'xl','912345','pull',0,'REG;IOD;CANTIK','6','2','Rejected',50,'2017-07-25','2017-07-26 09:31:05'),(435,1,'xl','912345','push',1000,'PUSH;IOD;BOLA;FIRSTPUSH','2','0','Deliver',61,'2017-07-25','2017-07-26 09:31:05'),(436,2,'xl','912345','push',900,'PUSH;IOD;CANTIK;FIRSTPUSH','6','3','Rejected',59,'2017-07-25','2017-07-26 09:31:05'),(437,2,'xl','912345','push',900,'PUSH;IOD;CANTIK;FIRSTPUSH','6','2','Rejected',54,'2017-07-25','2017-07-26 09:31:05'),(438,1,'xl','912345','pull',0,'REG;IOD;BOLA','2','0','Deliver',66,'2017-07-25','2017-07-26 09:31:05'),(439,2,'xl','912345','pull',0,'REG;IOD;CANTIK','6','2','Rejected',50,'2017-07-25','2017-07-26 09:31:05'),(440,1,'xl','912345','push',1000,'PUSH;IOD;BOLA;FIRSTPUSH','2','0','Deliver',61,'2017-07-25','2017-07-26 09:31:05'),(441,1,'xl','912345','pull',0,'REG;IOD;BOLA','6','3','Rejected',56,'2017-07-25','2017-07-26 09:31:05'),(442,2,'xl','912345','pull',0,'REG;IOD;CANTIK','6','2','Rejected',50,'2017-07-25','2017-07-26 09:31:05'),(443,2,'xl','912345','push',900,'PUSH;IOD;CANTIK;FIRSTPUSH','6','3','Rejected',59,'2017-07-25','2017-07-26 09:31:05'),(444,1,'xl','912345','push',1000,'PUSH;IOD;BOLA;FIRSTPUSH','6','3','Rejected',55,'2017-07-25','2017-07-26 09:31:05'),(445,1,'xl','912345','pull',0,'REG;IOD;BOLA','6','2','Rejected',47,'2017-07-25','2017-07-26 09:31:05'),(446,2,'xl','912345','pull',0,'REG;IOD;CANTIK','6','1','Rejected',57,'2017-07-25','2017-07-26 09:31:05'),(447,1,'xl','912345','push',1000,'PUSH;IOD;BOLA;FIRSTPUSH','6','2','Rejected',61,'2017-07-25','2017-07-26 09:31:05'),(448,2,'xl','912345','push',900,'PUSH;IOD;CANTIK;FIRSTPUSH','6','2','Rejected',54,'2017-07-25','2017-07-26 09:31:05'),(449,1,'xl','912345','pull',0,'REG;IOD;BOLA','2','0','Deliver',66,'2017-07-25','2017-07-26 09:31:05'),(450,2,'xl','912345','pull',0,'REG;IOD;CANTIK','2','0','Deliver',71,'2017-07-25','2017-07-26 09:31:05'),(451,2,'xl','912345','push',900,'PUSH;IOD;CANTIK;FIRSTPUSH','2','0','Deliver',59,'2017-07-25','2017-07-26 09:31:05'),(452,1,'xl','912345','push',1000,'PUSH;IOD;BOLA;FIRSTPUSH','6','2','Rejected',61,'2017-07-25','2017-07-26 09:31:05'),(453,1,'xl','912345','pull',0,'REG;IOD;BOLA','6','2','Rejected',47,'2017-07-25','2017-07-26 09:31:05'),(454,2,'xl','912345','pull',0,'REG;IOD;CANTIK','2','0','Deliver',71,'2017-07-25','2017-07-26 09:31:05'),(455,2,'xl','912345','push',900,'PUSH;IOD;CANTIK;FIRSTPUSH','6','1','Rejected',57,'2017-07-25','2017-07-26 09:31:05'),(456,1,'xl','912345','push',1000,'PUSH;IOD;BOLA;FIRSTPUSH','6','3','Rejected',55,'2017-07-25','2017-07-26 09:31:05'),(457,1,'xl','912345','pull',0,'REG;IOD;BOLA','2','0','Deliver',66,'2017-07-25','2017-07-26 09:31:05'),(458,2,'xl','912345','pull',0,'REG;IOD;CANTIK','2','0','Deliver',71,'2017-07-25','2017-07-26 09:31:05'),(459,1,'xl','912345','push',1000,'PUSH;IOD;BOLA;FIRSTPUSH','6','3','Rejected',55,'2017-07-25','2017-07-26 09:31:05'),(460,2,'xl','912345','push',900,'PUSH;IOD;CANTIK;FIRSTPUSH','6','2','Rejected',54,'2017-07-25','2017-07-26 09:31:05'),(461,2,'xl','912345','push',900,'PUSH;IOD;CANTIK;FIRSTPUSH','6','3','Rejected',59,'2017-07-25','2017-07-26 09:31:05'),(462,1,'xl','912345','pull',0,'REG;IOD;BOLA','6','1','Rejected',60,'2017-07-25','2017-07-26 09:31:05'),(463,2,'xl','912345','pull',0,'REG;IOD;CANTIK','6','2','Rejected',50,'2017-07-25','2017-07-26 09:31:05'),(464,1,'xl','912345','pull',0,'REG;IOD;BOLA','6','2','Rejected',47,'2017-07-25','2017-07-26 09:31:05'),(465,2,'xl','912345','pull',0,'REG;IOD;CANTIK','6','1','Rejected',57,'2017-07-25','2017-07-26 09:31:05'),(466,1,'xl','912345','push',1000,'PUSH;IOD;BOLA;FIRSTPUSH','6','2','Rejected',61,'2017-07-25','2017-07-26 09:31:05'),(467,2,'xl','912345','push',900,'PUSH;IOD;CANTIK;FIRSTPUSH','2','0','Deliver',59,'2017-07-25','2017-07-26 09:31:05'),(468,1,'xl','912345','push',1000,'PUSH;IOD;BOLA;FIRSTPUSH','6','2','Rejected',61,'2017-07-25','2017-07-26 09:31:05'),(469,1,'xl','912345','push',1000,'PUSH;IOD;BOLA;FIRSTPUSH','6','3','Rejected',55,'2017-07-25','2017-07-26 09:31:05'),(470,1,'xl','912345','pull',0,'REG;IOD;BOLA','6','1','Rejected',60,'2017-07-25','2017-07-26 09:31:05'),(471,2,'xl','912345','pull',0,'REG;IOD;CANTIK','6','2','Rejected',50,'2017-07-25','2017-07-26 09:31:05'),(472,2,'xl','912345','push',900,'PUSH;IOD;CANTIK;FIRSTPUSH','6','1','Rejected',57,'2017-07-25','2017-07-26 09:31:05'),(473,1,'xl','912345','pull',0,'REG;IOD;BOLA','2','0','Deliver',66,'2017-07-25','2017-07-26 09:31:05'),(474,2,'xl','912345','pull',0,'REG;IOD;CANTIK','2','0','Deliver',71,'2017-07-25','2017-07-26 09:31:05'),(475,2,'xl','912345','push',900,'PUSH;IOD;CANTIK;FIRSTPUSH','6','3','Rejected',59,'2017-07-25','2017-07-26 09:31:05'),(476,1,'xl','912345','push',1000,'PUSH;IOD;BOLA;FIRSTPUSH','6','3','Rejected',55,'2017-07-25','2017-07-26 09:31:05'),(477,1,'xl','912345','pull',0,'REG;IOD;BOLA','6','3','Rejected',56,'2017-07-25','2017-07-26 09:31:05'),(478,2,'xl','912345','pull',0,'REG;IOD;CANTIK','2','0','Deliver',71,'2017-07-25','2017-07-26 09:31:05'),(479,1,'xl','912345','push',1000,'PUSH;IOD;BOLA;FIRSTPUSH','6','3','Rejected',55,'2017-07-25','2017-07-26 09:31:05'),(480,2,'xl','912345','push',900,'PUSH;IOD;CANTIK;FIRSTPUSH','6','1','Rejected',57,'2017-07-25','2017-07-26 09:31:05'),(481,1,'xl','912345','pull',0,'REG;IOD;BOLA','2','0','Deliver',66,'2017-07-25','2017-07-26 09:31:05'),(482,2,'xl','912345','pull',0,'REG;IOD;CANTIK','6','2','Rejected',50,'2017-07-25','2017-07-26 09:31:05'),(483,2,'xl','912345','push',900,'PUSH;IOD;CANTIK;FIRSTPUSH','6','2','Rejected',54,'2017-07-25','2017-07-26 09:31:05'),(484,1,'xl','912345','push',1000,'PUSH;IOD;BOLA;FIRSTPUSH','6','3','Rejected',55,'2017-07-25','2017-07-26 09:31:05'),(485,1,'xl','912345','pull',0,'REG;IOD;BOLA','2','0','Deliver',66,'2017-07-25','2017-07-26 09:31:05'),(486,2,'xl','912345','pull',0,'REG;IOD;CANTIK','6','1','Rejected',57,'2017-07-25','2017-07-26 09:31:05'),(487,2,'xl','912345','push',900,'PUSH;IOD;CANTIK;FIRSTPUSH','2','0','Deliver',59,'2017-07-25','2017-07-26 09:31:05'),(488,1,'xl','912345','push',1000,'PUSH;IOD;BOLA;FIRSTPUSH','6','3','Rejected',55,'2017-07-25','2017-07-26 09:31:05'),(489,1,'xl','912345','pull',0,'REG;IOD;BOLA','2','0','Deliver',66,'2017-07-25','2017-07-26 09:31:05'),(490,2,'xl','912345','pull',0,'REG;IOD;CANTIK','6','3','Rejected',51,'2017-07-25','2017-07-26 09:31:05'),(491,2,'xl','912345','push',900,'PUSH;IOD;CANTIK;FIRSTPUSH','6','3','Rejected',59,'2017-07-25','2017-07-26 09:31:05'),(492,1,'xl','912345','push',1000,'PUSH;IOD;BOLA;FIRSTPUSH','6','1','Rejected',52,'2017-07-25','2017-07-26 09:31:05'),(493,1,'xl','912345','pull',0,'REG;IOD;BOLA','6','1','Rejected',60,'2017-07-25','2017-07-26 09:31:05'),(494,2,'xl','912345','pull',0,'REG;IOD;CANTIK','2','0','Deliver',71,'2017-07-25','2017-07-26 09:31:05'),(495,1,'xl','912345','push',1000,'PUSH;IOD;BOLA;FIRSTPUSH','2','0','Deliver',61,'2017-07-25','2017-07-26 09:31:05'),(496,2,'xl','912345','push',900,'PUSH;IOD;CANTIK;FIRSTPUSH','2','0','Deliver',59,'2017-07-25','2017-07-26 09:31:05'),(497,2,'xl','912345','push',900,'PUSH;IOD;CANTIK;FIRSTPUSH','6','3','Rejected',59,'2017-07-25','2017-07-26 09:31:05'),(498,1,'xl','912345','pull',0,'REG;IOD;BOLA','6','3','Rejected',56,'2017-07-25','2017-07-26 09:31:05'),(499,2,'xl','912345','pull',0,'REG;IOD;CANTIK','2','0','Deliver',71,'2017-07-25','2017-07-26 09:31:05'),(500,1,'xl','912345','push',1000,'PUSH;IOD;BOLA;FIRSTPUSH','6','1','Rejected',52,'2017-07-25','2017-07-26 09:31:05'),(501,1,'xl','912345','pull',0,'REG;IOD;BOLA','6','3','Rejected',56,'2017-07-25','2017-07-26 09:31:05'),(502,2,'xl','912345','pull',0,'REG;IOD;CANTIK','6','3','Rejected',51,'2017-07-25','2017-07-26 09:31:05'),(503,1,'xl','912345','push',1000,'PUSH;IOD;BOLA;FIRSTPUSH','2','0','Deliver',61,'2017-07-25','2017-07-26 09:31:05'),(504,2,'xl','912345','push',900,'PUSH;IOD;CANTIK;FIRSTPUSH','6','1','Rejected',57,'2017-07-25','2017-07-26 09:31:05'),(505,1,'xl','912345','pull',0,'REG;IOD;BOLA','2','0','Deliver',66,'2017-07-25','2017-07-26 09:31:05'),(506,2,'xl','912345','pull',0,'REG;IOD;CANTIK','6','1','Rejected',57,'2017-07-25','2017-07-26 09:31:05'),(507,2,'xl','912345','push',900,'PUSH;IOD;CANTIK;FIRSTPUSH','6','1','Rejected',57,'2017-07-25','2017-07-26 09:31:05'),(508,1,'xl','912345','push',1000,'PUSH;IOD;BOLA;FIRSTPUSH','6','1','Rejected',52,'2017-07-25','2017-07-26 09:31:05'),(509,1,'xl','912345','pull',0,'REG;IOD;BOLA','6','1','Rejected',60,'2017-07-25','2017-07-26 09:31:05'),(510,2,'xl','912345','pull',0,'REG;IOD;CANTIK','6','1','Rejected',57,'2017-07-25','2017-07-26 09:31:05'),(511,2,'xl','912345','push',900,'PUSH;IOD;CANTIK;FIRSTPUSH','6','3','Rejected',59,'2017-07-25','2017-07-26 09:31:05'),(512,1,'xl','912345','push',1000,'PUSH;IOD;BOLA;FIRSTPUSH','2','0','Deliver',61,'2017-07-25','2017-07-26 09:31:05'),(513,1,'xl','912345','pull',0,'REG;IOD;BOLA','6','3','Rejected',56,'2017-07-25','2017-07-26 09:31:05'),(514,2,'xl','912345','pull',0,'REG;IOD;CANTIK','6','3','Rejected',51,'2017-07-25','2017-07-26 09:31:05'),(515,1,'xl','912345','push',1000,'PUSH;IOD;BOLA;FIRSTPUSH','6','1','Rejected',52,'2017-07-25','2017-07-26 09:31:05'),(516,2,'xl','912345','push',900,'PUSH;IOD;CANTIK;FIRSTPUSH','6','1','Rejected',57,'2017-07-25','2017-07-26 09:31:05'),(517,1,'xl','912345','push',1000,'PUSH;IOD;BOLA;FIRSTPUSH','2','0','Deliver',61,'2017-07-25','2017-07-26 09:31:05'),(518,1,'xl','912345','pull',0,'REG;IOD;BOLA','6','1','Rejected',60,'2017-07-25','2017-07-26 09:31:05'),(519,2,'xl','912345','pull',0,'REG;IOD;CANTIK','6','3','Rejected',51,'2017-07-25','2017-07-26 09:31:05'),(520,1,'xl','912345','pull',0,'REG;IOD;BOLA','2','0','Deliver',66,'2017-07-25','2017-07-26 09:31:05'),(521,2,'xl','912345','pull',0,'REG;IOD;CANTIK','2','0','Deliver',71,'2017-07-25','2017-07-26 09:31:05'),(522,1,'xl','912345','push',1000,'PUSH;IOD;BOLA;FIRSTPUSH','6','1','Rejected',52,'2017-07-25','2017-07-26 09:31:05'),(523,2,'xl','912345','push',900,'PUSH;IOD;CANTIK;FIRSTPUSH','6','3','Rejected',59,'2017-07-25','2017-07-26 09:31:05'),(524,2,'xl','912345','push',900,'PUSH;IOD;CANTIK;FIRSTPUSH','6','1','Rejected',57,'2017-07-25','2017-07-26 09:31:05'),(525,2,'xl','912345','pull',0,'REG;IOD;CANTIK','6','2','Rejected',50,'2017-07-25','2017-07-26 09:31:05'),(526,1,'xl','912345','pull',0,'REG;IOD;BOLA','6','2','Rejected',47,'2017-07-25','2017-07-26 09:31:05'),(527,1,'xl','912345','pull',0,'REG;IOD;BOLA','6','2','Rejected',47,'2017-07-25','2017-07-26 09:31:05'),(528,2,'xl','912345','pull',0,'REG;IOD;CANTIK','2','0','Deliver',71,'2017-07-25','2017-07-26 09:31:05'),(529,1,'xl','912345','push',1000,'PUSH;IOD;BOLA;FIRSTPUSH','6','2','Rejected',61,'2017-07-25','2017-07-26 09:31:05'),(530,1,'xl','912345','push',1000,'PUSH;IOD;BOLA;FIRSTPUSH','2','0','Deliver',61,'2017-07-25','2017-07-26 09:31:05'),(531,2,'xl','912345','push',900,'PUSH;IOD;CANTIK;FIRSTPUSH','6','2','Rejected',54,'2017-07-25','2017-07-26 09:31:05'),(532,2,'xl','912345','push',900,'PUSH;IOD;CANTIK;FIRSTPUSH','6','2','Rejected',54,'2017-07-25','2017-07-26 09:31:05'),(533,1,'xl','912345','pull',0,'REG;IOD;BOLA','6','1','Rejected',60,'2017-07-25','2017-07-26 09:31:05'),(534,2,'xl','912345','pull',0,'REG;IOD;CANTIK','6','1','Rejected',57,'2017-07-25','2017-07-26 09:31:05'),(535,1,'xl','912345','push',1000,'PUSH;IOD;BOLA;FIRSTPUSH','6','3','Rejected',55,'2017-07-25','2017-07-26 09:31:05'),(536,2,'xl','912345','push',900,'PUSH;IOD;CANTIK;FIRSTPUSH','6','3','Rejected',59,'2017-07-25','2017-07-26 09:31:05'),(537,1,'xl','912345','pull',0,'REG;IOD;BOLA','6','2','Rejected',47,'2017-07-25','2017-07-26 09:31:05'),(538,2,'xl','912345','pull',0,'REG;IOD;CANTIK','6','2','Rejected',50,'2017-07-25','2017-07-26 09:31:05'),(539,2,'xl','912345','push',900,'PUSH;IOD;CANTIK;FIRSTPUSH','2','0','Deliver',59,'2017-07-25','2017-07-26 09:31:05'),(540,1,'xl','912345','push',1000,'PUSH;IOD;BOLA;FIRSTPUSH','6','3','Rejected',55,'2017-07-25','2017-07-26 09:31:05'),(541,1,'xl','912345','pull',0,'REG;IOD;BOLA','6','2','Rejected',47,'2017-07-25','2017-07-26 09:31:05'),(542,2,'xl','912345','pull',0,'REG;IOD;CANTIK','6','3','Rejected',51,'2017-07-25','2017-07-26 09:31:05'),(543,1,'xl','912345','push',1000,'PUSH;IOD;BOLA;FIRSTPUSH','2','0','Deliver',61,'2017-07-25','2017-07-26 09:31:05'),(544,2,'xl','912345','push',900,'PUSH;IOD;CANTIK;FIRSTPUSH','2','0','Deliver',59,'2017-07-25','2017-07-26 09:31:05'),(545,1,'xl','912345','pull',0,'REG;IOD;BOLA','6','1','Rejected',60,'2017-07-25','2017-07-26 09:31:05'),(546,2,'xl','912345','pull',0,'REG;IOD;CANTIK','6','1','Rejected',57,'2017-07-25','2017-07-26 09:31:05'),(547,1,'xl','912345','push',1000,'PUSH;IOD;BOLA;FIRSTPUSH','6','2','Rejected',61,'2017-07-25','2017-07-26 09:31:05'),(548,2,'xl','912345','push',900,'PUSH;IOD;CANTIK;FIRSTPUSH','2','0','Deliver',59,'2017-07-25','2017-07-26 09:31:05'),(549,1,'xl','912345','push',1000,'PUSH;IOD;BOLA;FIRSTPUSH','2','0','Deliver',61,'2017-07-25','2017-07-26 09:31:05'),(550,1,'xl','912345','pull',0,'REG;IOD;BOLA','6','3','Rejected',56,'2017-07-25','2017-07-26 09:31:05'),(551,2,'xl','912345','pull',0,'REG;IOD;CANTIK','2','0','Deliver',71,'2017-07-25','2017-07-26 09:31:05'),(552,2,'xl','912345','push',900,'PUSH;IOD;CANTIK;FIRSTPUSH','2','0','Deliver',59,'2017-07-25','2017-07-26 09:31:05'),(553,1,'xl','912345','pull',0,'REG;IOD;BOLA','2','0','Deliver',66,'2017-07-25','2017-07-26 09:31:05'),(554,2,'xl','912345','pull',0,'REG;IOD;CANTIK','6','3','Rejected',51,'2017-07-25','2017-07-26 09:31:05'),(555,1,'xl','912345','push',1000,'PUSH;IOD;BOLA;FIRSTPUSH','6','1','Rejected',52,'2017-07-25','2017-07-26 09:31:05'),(556,2,'xl','912345','push',900,'PUSH;IOD;CANTIK;FIRSTPUSH','6','2','Rejected',54,'2017-07-25','2017-07-26 09:31:05'),(557,1,'xl','912345','pull',0,'REG;IOD;BOLA','6','2','Rejected',47,'2017-07-25','2017-07-26 09:31:05'),(558,2,'xl','912345','pull',0,'REG;IOD;CANTIK','6','2','Rejected',50,'2017-07-25','2017-07-26 09:31:05'),(559,2,'xl','912345','push',900,'PUSH;IOD;CANTIK;FIRSTPUSH','6','1','Rejected',57,'2017-07-25','2017-07-26 09:31:05'),(560,1,'xl','912345','push',1000,'PUSH;IOD;BOLA;FIRSTPUSH','6','3','Rejected',55,'2017-07-25','2017-07-26 09:31:05'),(561,2,'xl','912345','push',900,'PUSH;IOD;CANTIK;FIRSTPUSH','2','0','Deliver',59,'2017-07-25','2017-07-26 09:31:05'),(562,1,'xl','912345','push',1000,'PUSH;IOD;BOLA;FIRSTPUSH','6','2','Rejected',61,'2017-07-25','2017-07-26 09:31:05'),(563,1,'xl','912345','pull',0,'REG;IOD;BOLA','6','3','Rejected',56,'2017-07-25','2017-07-26 09:31:05'),(564,2,'xl','912345','pull',0,'REG;IOD;CANTIK','6','1','Rejected',57,'2017-07-25','2017-07-26 09:31:05'),(565,1,'xl','912345','pull',0,'REG;IOD;BOLA','6','2','Rejected',47,'2017-07-25','2017-07-26 09:31:05'),(566,2,'xl','912345','pull',0,'REG;IOD;CANTIK','2','0','Deliver',71,'2017-07-25','2017-07-26 09:31:05'),(567,1,'xl','912345','push',1000,'PUSH;IOD;BOLA;FIRSTPUSH','6','3','Rejected',55,'2017-07-25','2017-07-26 09:31:05'),(568,2,'xl','912345','push',900,'PUSH;IOD;CANTIK;FIRSTPUSH','6','2','Rejected',54,'2017-07-25','2017-07-26 09:31:05'),(569,1,'xl','912345','push',1000,'PUSH;IOD;BOLA;FIRSTPUSH','6','2','Rejected',61,'2017-07-25','2017-07-26 09:31:05'),(570,1,'xl','912345','pull',0,'REG;IOD;BOLA','6','1','Rejected',60,'2017-07-25','2017-07-26 09:31:05'),(571,2,'xl','912345','pull',0,'REG;IOD;CANTIK','6','1','Rejected',57,'2017-07-25','2017-07-26 09:31:05'),(572,2,'xl','912345','push',900,'PUSH;IOD;CANTIK;FIRSTPUSH','6','2','Rejected',54,'2017-07-25','2017-07-26 09:31:05'),(573,1,'xl','912345','pull',0,'REG;IOD;BOLA','6','1','Rejected',60,'2017-07-25','2017-07-26 09:31:05'),(574,2,'xl','912345','pull',0,'REG;IOD;CANTIK','2','0','Deliver',71,'2017-07-25','2017-07-26 09:31:05'),(575,2,'xl','912345','push',900,'PUSH;IOD;CANTIK;FIRSTPUSH','6','2','Rejected',54,'2017-07-25','2017-07-26 09:31:05'),(576,1,'xl','912345','push',1000,'PUSH;IOD;BOLA;FIRSTPUSH','2','0','Deliver',61,'2017-07-25','2017-07-26 09:31:05'),(577,1,'xl','912345','pull',0,'REG;IOD;BOLA','6','3','Rejected',56,'2017-07-25','2017-07-26 09:31:05'),(578,2,'xl','912345','pull',0,'REG;IOD;CANTIK','6','2','Rejected',50,'2017-07-25','2017-07-26 09:31:05'),(579,1,'xl','912345','pull',0,'REG;IOD;BOLA','6','1','Rejected',60,'2017-07-25','2017-07-26 09:31:05'),(580,2,'xl','912345','pull',0,'REG;IOD;CANTIK','6','2','Rejected',50,'2017-07-25','2017-07-26 09:31:05'),(581,2,'xl','912345','push',900,'PUSH;IOD;CANTIK;FIRSTPUSH','6','3','Rejected',59,'2017-07-25','2017-07-26 09:31:05'),(582,1,'xl','912345','push',1000,'PUSH;IOD;BOLA;FIRSTPUSH','6','2','Rejected',61,'2017-07-25','2017-07-26 09:31:05'),(583,2,'xl','912345','push',900,'PUSH;IOD;CANTIK;FIRSTPUSH','6','1','Rejected',57,'2017-07-25','2017-07-26 09:31:05'),(584,1,'xl','912345','push',1000,'PUSH;IOD;BOLA;FIRSTPUSH','6','2','Rejected',61,'2017-07-25','2017-07-26 09:31:05'),(585,2,'xl','912345','push',900,'PUSH;IOD;CANTIK;FIRSTPUSH','6','2','Rejected',54,'2017-07-25','2017-07-26 09:31:05'),(586,1,'xl','912345','pull',0,'REG;IOD;BOLA','6','2','Rejected',47,'2017-07-25','2017-07-26 09:31:05'),(587,2,'xl','912345','pull',0,'REG;IOD;CANTIK','6','1','Rejected',57,'2017-07-25','2017-07-26 09:31:05'),(588,1,'xl','912345','push',1000,'PUSH;IOD;BOLA;FIRSTPUSH','2','0','Deliver',61,'2017-07-25','2017-07-26 09:31:05'),(589,1,'xl','912345','pull',0,'REG;IOD;BOLA','6','1','Rejected',60,'2017-07-25','2017-07-26 09:31:05'),(590,2,'xl','912345','pull',0,'REG;IOD;CANTIK','6','2','Rejected',50,'2017-07-25','2017-07-26 09:31:05'),(591,1,'xl','912345','pull',0,'REG;IOD;BOLA','2','0','Deliver',66,'2017-07-25','2017-07-26 09:31:05'),(592,1,'xl','912345','push',1000,'PUSH;IOD;BOLA;FIRSTPUSH','6','1','Rejected',52,'2017-07-25','2017-07-26 09:31:05'),(593,1,'xl','912345','push',1000,'PUSH;IOD;BOLA;FIRSTPUSH','6','1','Rejected',52,'2017-07-25','2017-07-26 09:31:05'),(594,2,'xl','912345','push',900,'PUSH;IOD;CANTIK;FIRSTPUSH','6','3','Rejected',59,'2017-07-25','2017-07-26 09:31:05'),(595,2,'xl','912345','push',900,'PUSH;IOD;CANTIK;FIRSTPUSH','6','2','Rejected',54,'2017-07-25','2017-07-26 09:31:05'),(596,2,'xl','912345','pull',0,'REG;IOD;CANTIK','6','3','Rejected',51,'2017-07-25','2017-07-26 09:31:05'),(597,1,'xl','912345','pull',0,'REG;IOD;BOLA','2','0','Deliver',66,'2017-07-25','2017-07-26 09:31:05'),(598,1,'xl','912345','push',1000,'PUSH;IOD;BOLA;FIRSTPUSH','6','1','Rejected',52,'2017-07-25','2017-07-26 09:31:05'),(599,2,'xl','912345','pull',0,'REG;IOD;CANTIK','6','1','Rejected',57,'2017-07-25','2017-07-26 09:31:05'),(600,2,'xl','912345','push',900,'PUSH;IOD;CANTIK;FIRSTPUSH','6','1','Rejected',57,'2017-07-25','2017-07-26 09:31:05'),(601,1,'xl','912345','pull',0,'REG;IOD;BOLA','6','2','Rejected',47,'2017-07-25','2017-07-26 09:31:05'),(602,2,'xl','912345','pull',0,'REG;IOD;CANTIK','2','0','Deliver',71,'2017-07-25','2017-07-26 09:31:05'),(603,1,'xl','912345','push',1000,'PUSH;IOD;BOLA;FIRSTPUSH','6','2','Rejected',61,'2017-07-25','2017-07-26 09:31:05'),(604,2,'xl','912345','push',900,'PUSH;IOD;CANTIK;FIRSTPUSH','2','0','Deliver',59,'2017-07-25','2017-07-26 09:31:05'),(605,1,'xl','912345','pull',0,'REG;IOD;BOLA','6','1','Rejected',60,'2017-07-25','2017-07-26 09:31:05'),(606,2,'xl','912345','pull',0,'REG;IOD;CANTIK','6','2','Rejected',50,'2017-07-25','2017-07-26 09:31:05'),(607,2,'xl','912345','push',900,'PUSH;IOD;CANTIK;FIRSTPUSH','6','2','Rejected',54,'2017-07-25','2017-07-26 09:31:05'),(608,1,'xl','912345','push',1000,'PUSH;IOD;BOLA;FIRSTPUSH','6','2','Rejected',61,'2017-07-25','2017-07-26 09:31:05'),(609,2,'xl','912345','push',900,'PUSH;IOD;CANTIK;FIRSTPUSH','6','1','Rejected',57,'2017-07-25','2017-07-26 09:31:05'),(610,1,'xl','912345','pull',0,'REG;IOD;BOLA','6','3','Rejected',56,'2017-07-25','2017-07-26 09:31:05'),(611,2,'xl','912345','pull',0,'REG;IOD;CANTIK','6','2','Rejected',50,'2017-07-25','2017-07-26 09:31:05'),(612,1,'xl','912345','push',1000,'PUSH;IOD;BOLA;FIRSTPUSH','6','3','Rejected',55,'2017-07-25','2017-07-26 09:31:05'),(613,1,'xl','912345','push',1000,'PUSH;IOD;BOLA;FIRSTPUSH','2','0','Deliver',61,'2017-07-25','2017-07-26 09:31:05'),(614,1,'xl','912345','pull',0,'REG;IOD;BOLA','2','0','Deliver',66,'2017-07-25','2017-07-26 09:31:05'),(615,2,'xl','912345','pull',0,'REG;IOD;CANTIK','6','2','Rejected',50,'2017-07-25','2017-07-26 09:31:05'),(616,2,'xl','912345','push',900,'PUSH;IOD;CANTIK;FIRSTPUSH','2','0','Deliver',59,'2017-07-25','2017-07-26 09:31:05'),(617,1,'xl','912345','pull',0,'REG;IOD;BOLA','2','0','Deliver',66,'2017-07-25','2017-07-26 09:31:05'),(618,2,'xl','912345','pull',0,'REG;IOD;CANTIK','6','3','Rejected',51,'2017-07-25','2017-07-26 09:31:05'),(619,1,'xl','912345','push',1000,'PUSH;IOD;BOLA;FIRSTPUSH','2','0','Deliver',61,'2017-07-25','2017-07-26 09:31:05'),(620,2,'xl','912345','push',900,'PUSH;IOD;CANTIK;FIRSTPUSH','6','2','Rejected',54,'2017-07-25','2017-07-26 09:31:05'),(621,1,'xl','912345','push',1000,'PUSH;IOD;BOLA;FIRSTPUSH','6','1','Rejected',52,'2017-07-25','2017-07-26 09:31:05'),(622,2,'xl','912345','push',900,'PUSH;IOD;CANTIK;FIRSTPUSH','6','3','Rejected',59,'2017-07-25','2017-07-26 09:31:05'),(623,1,'xl','912345','pull',0,'REG;IOD;BOLA','6','3','Rejected',56,'2017-07-25','2017-07-26 09:31:05'),(624,2,'xl','912345','pull',0,'REG;IOD;CANTIK','6','2','Rejected',50,'2017-07-25','2017-07-26 09:31:05'),(625,1,'xl','912345','pull',0,'REG;IOD;BOLA','6','2','Rejected',47,'2017-07-25','2017-07-26 09:31:05'),(626,2,'xl','912345','pull',0,'REG;IOD;CANTIK','6','3','Rejected',51,'2017-07-25','2017-07-26 09:31:05'),(627,2,'xl','912345','push',900,'PUSH;IOD;CANTIK;FIRSTPUSH','6','1','Rejected',57,'2017-07-25','2017-07-26 09:31:05'),(628,1,'xl','912345','push',1000,'PUSH;IOD;BOLA;FIRSTPUSH','6','2','Rejected',61,'2017-07-25','2017-07-26 09:31:05'),(629,1,'xl','912345','pull',0,'REG;IOD;BOLA','2','0','Deliver',66,'2017-07-25','2017-07-26 09:31:05'),(630,2,'xl','912345','pull',0,'REG;IOD;CANTIK','2','0','Deliver',71,'2017-07-25','2017-07-26 09:31:05'),(631,2,'xl','912345','push',900,'PUSH;IOD;CANTIK;FIRSTPUSH','6','2','Rejected',54,'2017-07-25','2017-07-26 09:31:05'),(632,1,'xl','912345','push',1000,'PUSH;IOD;BOLA;FIRSTPUSH','6','3','Rejected',55,'2017-07-25','2017-07-26 09:31:05'),(633,1,'xl','912345','pull',0,'REG;IOD;BOLA','2','0','Deliver',66,'2017-07-25','2017-07-26 09:31:05'),(634,2,'xl','912345','pull',0,'REG;IOD;CANTIK','6','1','Rejected',57,'2017-07-25','2017-07-26 09:31:05'),(635,2,'xl','912345','push',900,'PUSH;IOD;CANTIK;FIRSTPUSH','2','0','Deliver',59,'2017-07-25','2017-07-26 09:31:05'),(636,1,'xl','912345','push',1000,'PUSH;IOD;BOLA;FIRSTPUSH','6','1','Rejected',52,'2017-07-25','2017-07-26 09:31:05'),(637,1,'xl','912345','pull',0,'REG;IOD;BOLA','6','1','Rejected',60,'2017-07-25','2017-07-26 09:31:05'),(638,2,'xl','912345','pull',0,'REG;IOD;CANTIK','2','0','Deliver',71,'2017-07-25','2017-07-26 09:31:05'),(639,2,'xl','912345','push',900,'PUSH;IOD;CANTIK;FIRSTPUSH','6','2','Rejected',54,'2017-07-25','2017-07-26 09:31:05'),(640,1,'xl','912345','push',1000,'PUSH;IOD;BOLA;FIRSTPUSH','2','0','Deliver',61,'2017-07-25','2017-07-26 09:31:05'),(641,1,'xl','912345','push',1000,'PUSH;IOD;BOLA;FIRSTPUSH','6','3','Rejected',55,'2017-07-25','2017-07-26 09:31:05'),(642,1,'xl','912345','pull',0,'REG;IOD;BOLA','6','1','Rejected',60,'2017-07-25','2017-07-26 09:31:05'),(643,2,'xl','912345','pull',0,'REG;IOD;CANTIK','6','3','Rejected',51,'2017-07-25','2017-07-26 09:31:05'),(644,2,'xl','912345','push',900,'PUSH;IOD;CANTIK;FIRSTPUSH','2','0','Deliver',59,'2017-07-25','2017-07-26 09:31:05'),(645,1,'xl','912345','pull',0,'REG;IOD;BOLA','6','3','Rejected',56,'2017-07-25','2017-07-26 09:31:05'),(646,2,'xl','912345','pull',0,'REG;IOD;CANTIK','6','1','Rejected',57,'2017-07-25','2017-07-26 09:31:05'),(647,1,'xl','912345','push',1000,'PUSH;IOD;BOLA;FIRSTPUSH','6','3','Rejected',55,'2017-07-25','2017-07-26 09:31:05'),(648,2,'xl','912345','push',900,'PUSH;IOD;CANTIK;FIRSTPUSH','6','1','Rejected',57,'2017-07-25','2017-07-26 09:31:05'),(649,1,'xl','912345','pull',0,'REG;IOD;BOLA','6','3','Rejected',56,'2017-07-25','2017-07-26 09:31:05'),(650,2,'xl','912345','pull',0,'REG;IOD;CANTIK','6','1','Rejected',57,'2017-07-25','2017-07-26 09:31:05'),(651,2,'xl','912345','push',900,'PUSH;IOD;CANTIK;FIRSTPUSH','6','3','Rejected',59,'2017-07-25','2017-07-26 09:31:05'),(652,1,'xl','912345','push',1000,'PUSH;IOD;BOLA;FIRSTPUSH','2','0','Deliver',61,'2017-07-25','2017-07-26 09:31:05'),(653,1,'xl','912345','pull',0,'REG;IOD;BOLA','6','2','Rejected',47,'2017-07-25','2017-07-26 09:31:05'),(654,2,'xl','912345','pull',0,'REG;IOD;CANTIK','6','3','Rejected',51,'2017-07-25','2017-07-26 09:31:05'),(655,2,'xl','912345','push',900,'PUSH;IOD;CANTIK;FIRSTPUSH','6','2','Rejected',54,'2017-07-25','2017-07-26 09:31:05'),(656,1,'xl','912345','push',1000,'PUSH;IOD;BOLA;FIRSTPUSH','2','0','Deliver',61,'2017-07-25','2017-07-26 09:31:05'),(657,1,'xl','912345','pull',0,'REG;IOD;BOLA','2','0','Deliver',66,'2017-07-25','2017-07-26 09:31:05'),(658,2,'xl','912345','pull',0,'REG;IOD;CANTIK','6','2','Rejected',50,'2017-07-25','2017-07-26 09:31:05'),(659,1,'xl','912345','pull',0,'REG;IOD;BOLA','6','1','Rejected',60,'2017-07-25','2017-07-26 09:31:05'),(660,1,'xl','912345','push',1000,'PUSH;IOD;BOLA;FIRSTPUSH','6','3','Rejected',55,'2017-07-25','2017-07-26 09:31:05'),(661,1,'xl','912345','push',1000,'PUSH;IOD;BOLA;FIRSTPUSH','6','2','Rejected',61,'2017-07-25','2017-07-26 09:31:05'),(662,2,'xl','912345','push',900,'PUSH;IOD;CANTIK;FIRSTPUSH','6','1','Rejected',57,'2017-07-25','2017-07-26 09:31:05'),(663,2,'xl','912345','pull',0,'REG;IOD;CANTIK','2','0','Deliver',71,'2017-07-25','2017-07-26 09:31:05'),(664,2,'xl','912345','push',900,'PUSH;IOD;CANTIK;FIRSTPUSH','6','2','Rejected',54,'2017-07-25','2017-07-26 09:31:05'),(665,1,'xl','912345','pull',0,'REG;IOD;BOLA','6','2','Rejected',47,'2017-07-25','2017-07-26 09:31:05'),(666,2,'xl','912345','pull',0,'REG;IOD;CANTIK','6','3','Rejected',51,'2017-07-25','2017-07-26 09:31:05'),(667,1,'xl','912345','push',1000,'PUSH;IOD;BOLA;FIRSTPUSH','2','0','Deliver',61,'2017-07-25','2017-07-26 09:31:05'),(668,2,'xl','912345','push',900,'PUSH;IOD;CANTIK;FIRSTPUSH','2','0','Deliver',59,'2017-07-25','2017-07-26 09:31:05'),(669,1,'xl','912345','pull',0,'REG;IOD;BOLA','2','0','Deliver',66,'2017-07-25','2017-07-26 09:31:05'),(670,2,'xl','912345','pull',0,'REG;IOD;CANTIK','6','1','Rejected',57,'2017-07-25','2017-07-26 09:31:05'),(671,1,'xl','912345','pull',0,'REG;IOD;BOLA','6','3','Rejected',56,'2017-07-25','2017-07-26 09:31:05'),(672,2,'xl','912345','pull',0,'REG;IOD;CANTIK','6','1','Rejected',57,'2017-07-25','2017-07-26 09:31:05'),(673,1,'xl','912345','push',1000,'PUSH;IOD;BOLA;FIRSTPUSH','6','2','Rejected',61,'2017-07-25','2017-07-26 09:31:05'),(674,2,'xl','912345','push',900,'PUSH;IOD;CANTIK;FIRSTPUSH','6','1','Rejected',57,'2017-07-25','2017-07-26 09:31:05'),(675,1,'xl','912345','push',1000,'PUSH;IOD;BOLA;FIRSTPUSH','2','0','Deliver',61,'2017-07-25','2017-07-26 09:31:05'),(676,1,'xl','912345','pull',0,'REG;IOD;BOLA','6','3','Rejected',56,'2017-07-25','2017-07-26 09:31:05'),(677,2,'xl','912345','pull',0,'REG;IOD;CANTIK','2','0','Deliver',71,'2017-07-25','2017-07-26 09:31:05'),(678,1,'xl','912345','pull',0,'REG;IOD;BOLA','6','1','Rejected',60,'2017-07-25','2017-07-26 09:31:05'),(679,1,'xl','912345','push',1000,'PUSH;IOD;BOLA;FIRSTPUSH','6','1','Rejected',52,'2017-07-25','2017-07-26 09:31:05'),(680,2,'xl','912345','push',900,'PUSH;IOD;CANTIK;FIRSTPUSH','6','3','Rejected',59,'2017-07-25','2017-07-26 09:31:05'),(681,1,'xl','912345','push',1000,'PUSH;IOD;BOLA;FIRSTPUSH','6','3','Rejected',55,'2017-07-25','2017-07-26 09:31:05'),(682,2,'xl','912345','push',900,'PUSH;IOD;CANTIK;FIRSTPUSH','6','1','Rejected',57,'2017-07-25','2017-07-26 09:31:05'),(683,2,'xl','912345','push',900,'PUSH;IOD;CANTIK;FIRSTPUSH','6','1','Rejected',57,'2017-07-25','2017-07-26 09:31:05'),(684,2,'xl','912345','pull',0,'REG;IOD;CANTIK','2','0','Deliver',71,'2017-07-25','2017-07-26 09:31:05'),(685,1,'xl','912345','pull',0,'REG;IOD;BOLA','2','0','Deliver',66,'2017-07-25','2017-07-26 09:31:05'),(686,2,'xl','912345','pull',0,'REG;IOD;CANTIK','6','1','Rejected',57,'2017-07-25','2017-07-26 09:31:05'),(687,2,'xl','912345','push',900,'PUSH;IOD;CANTIK;FIRSTPUSH','6','3','Rejected',59,'2017-07-25','2017-07-26 09:31:05'),(688,1,'xl','912345','push',1000,'PUSH;IOD;BOLA;FIRSTPUSH','6','2','Rejected',61,'2017-07-25','2017-07-26 09:31:05'),(689,1,'xl','912345','pull',0,'REG;IOD;BOLA','6','2','Rejected',47,'2017-07-25','2017-07-26 09:31:05'),(690,2,'xl','912345','pull',0,'REG;IOD;CANTIK','6','3','Rejected',51,'2017-07-25','2017-07-26 09:31:05'),(691,1,'xl','912345','pull',0,'REG;IOD;BOLA','6','3','Rejected',56,'2017-07-25','2017-07-26 09:31:05'),(692,1,'xl','912345','push',1000,'PUSH;IOD;BOLA;FIRSTPUSH','2','0','Deliver',61,'2017-07-25','2017-07-26 09:31:05'),(693,2,'xl','912345','push',900,'PUSH;IOD;CANTIK;FIRSTPUSH','6','1','Rejected',57,'2017-07-25','2017-07-26 09:31:05'),(694,1,'xl','912345','push',1000,'PUSH;IOD;BOLA;FIRSTPUSH','6','1','Rejected',52,'2017-07-25','2017-07-26 09:31:05'),(695,2,'xl','912345','pull',0,'REG;IOD;CANTIK','2','0','Deliver',71,'2017-07-25','2017-07-26 09:31:05'),(696,2,'xl','912345','push',900,'PUSH;IOD;CANTIK;FIRSTPUSH','6','2','Rejected',54,'2017-07-25','2017-07-26 09:31:05'),(697,1,'xl','912345','pull',0,'REG;IOD;BOLA','6','2','Rejected',47,'2017-07-25','2017-07-26 09:31:05'),(698,2,'xl','912345','pull',0,'REG;IOD;CANTIK','6','1','Rejected',57,'2017-07-25','2017-07-26 09:31:05'),(699,2,'xl','912345','push',900,'PUSH;IOD;CANTIK;FIRSTPUSH','6','3','Rejected',59,'2017-07-25','2017-07-26 09:31:05'),(700,1,'xl','912345','push',1000,'PUSH;IOD;BOLA;FIRSTPUSH','6','3','Rejected',55,'2017-07-25','2017-07-26 09:31:05'),(701,1,'xl','912345','pull',0,'REG;IOD;BOLA','2','0','Deliver',66,'2017-07-25','2017-07-26 09:31:05'),(702,2,'xl','912345','pull',0,'REG;IOD;CANTIK','6','1','Rejected',57,'2017-07-25','2017-07-26 09:31:05'),(703,1,'xl','912345','push',1000,'PUSH;IOD;BOLA;FIRSTPUSH','6','1','Rejected',52,'2017-07-25','2017-07-26 09:31:05'),(704,2,'xl','912345','push',900,'PUSH;IOD;CANTIK;FIRSTPUSH','6','2','Rejected',54,'2017-07-25','2017-07-26 09:31:05'),(705,1,'xl','912345','pull',0,'REG;IOD;BOLA','6','3','Rejected',56,'2017-07-25','2017-07-26 09:31:05'),(706,2,'xl','912345','pull',0,'REG;IOD;CANTIK','2','0','Deliver',71,'2017-07-25','2017-07-26 09:31:05'),(707,2,'xl','912345','push',900,'PUSH;IOD;CANTIK;FIRSTPUSH','6','3','Rejected',59,'2017-07-25','2017-07-26 09:31:05'),(708,1,'xl','912345','push',1000,'PUSH;IOD;BOLA;FIRSTPUSH','6','2','Rejected',61,'2017-07-25','2017-07-26 09:31:05'),(709,1,'xl','912345','pull',0,'REG;IOD;BOLA','6','1','Rejected',60,'2017-07-25','2017-07-26 09:31:05'),(710,2,'xl','912345','pull',0,'REG;IOD;CANTIK','2','0','Deliver',71,'2017-07-25','2017-07-26 09:31:05'),(711,2,'xl','912345','push',900,'PUSH;IOD;CANTIK;FIRSTPUSH','6','3','Rejected',59,'2017-07-25','2017-07-26 09:31:05'),(712,1,'xl','912345','push',1000,'PUSH;IOD;BOLA;FIRSTPUSH','6','1','Rejected',52,'2017-07-25','2017-07-26 09:31:05'),(713,1,'xl','912345','pull',0,'REG;IOD;BOLA','6','1','Rejected',60,'2017-07-25','2017-07-26 09:31:05'),(714,2,'xl','912345','pull',0,'REG;IOD;CANTIK','6','3','Rejected',51,'2017-07-25','2017-07-26 09:31:05'),(715,1,'xl','912345','push',1000,'PUSH;IOD;BOLA;FIRSTPUSH','6','3','Rejected',55,'2017-07-25','2017-07-26 09:31:05'),(716,2,'xl','912345','push',900,'PUSH;IOD;CANTIK;FIRSTPUSH','6','2','Rejected',54,'2017-07-25','2017-07-26 09:31:05'),(717,1,'xl','912345','pull',0,'REG;IOD;BOLA','2','0','Deliver',66,'2017-07-25','2017-07-26 09:31:05'),(718,2,'xl','912345','pull',0,'REG;IOD;CANTIK','6','3','Rejected',51,'2017-07-25','2017-07-26 09:31:05'),(719,1,'xl','912345','pull',0,'REG;IOD;BOLA','6','3','Rejected',56,'2017-07-25','2017-07-26 09:31:05'),(720,2,'xl','912345','pull',0,'REG;IOD;CANTIK','6','3','Rejected',51,'2017-07-25','2017-07-26 09:31:05'),(721,1,'xl','912345','push',1000,'PUSH;IOD;BOLA;FIRSTPUSH','6','1','Rejected',52,'2017-07-25','2017-07-26 09:31:05'),(722,2,'xl','912345','push',900,'PUSH;IOD;CANTIK;FIRSTPUSH','6','3','Rejected',59,'2017-07-25','2017-07-26 09:31:05'),(723,1,'xl','912345','push',1000,'PUSH;IOD;BOLA;FIRSTPUSH','6','1','Rejected',52,'2017-07-25','2017-07-26 09:31:05'),(724,2,'xl','912345','push',900,'PUSH;IOD;CANTIK;FIRSTPUSH','6','2','Rejected',54,'2017-07-25','2017-07-26 09:31:05'),(725,1,'xl','912345','pull',0,'REG;IOD;BOLA','6','2','Rejected',47,'2017-07-25','2017-07-26 09:31:05'),(726,2,'xl','912345','pull',0,'REG;IOD;CANTIK','6','2','Rejected',50,'2017-07-25','2017-07-26 09:31:05'),(727,1,'xl','912345','push',1000,'PUSH;IOD;BOLA;FIRSTPUSH','6','2','Rejected',61,'2017-07-25','2017-07-26 09:31:05'),(728,2,'xl','912345','push',900,'PUSH;IOD;CANTIK;FIRSTPUSH','6','2','Rejected',54,'2017-07-25','2017-07-26 09:31:05'),(729,1,'xl','912345','pull',0,'REG;IOD;BOLA','2','0','Deliver',66,'2017-07-25','2017-07-26 09:31:05'),(730,2,'xl','912345','pull',0,'REG;IOD;CANTIK','6','1','Rejected',57,'2017-07-25','2017-07-26 09:31:05'),(731,2,'xl','912345','push',900,'PUSH;IOD;CANTIK;FIRSTPUSH','6','3','Rejected',59,'2017-07-25','2017-07-26 09:31:05'),(732,1,'xl','912345','push',1000,'PUSH;IOD;BOLA;FIRSTPUSH','2','0','Deliver',61,'2017-07-25','2017-07-26 09:31:05'),(733,1,'xl','912345','pull',0,'REG;IOD;BOLA','6','2','Rejected',47,'2017-07-25','2017-07-26 09:31:05'),(734,2,'xl','912345','pull',0,'REG;IOD;CANTIK','6','3','Rejected',51,'2017-07-25','2017-07-26 09:31:05'),(735,2,'xl','912345','push',900,'PUSH;IOD;CANTIK;FIRSTPUSH','6','3','Rejected',59,'2017-07-25','2017-07-26 09:31:05'),(736,1,'xl','912345','push',1000,'PUSH;IOD;BOLA;FIRSTPUSH','6','1','Rejected',52,'2017-07-25','2017-07-26 09:31:05'),(737,1,'xl','912345','pull',0,'REG;IOD;BOLA','6','1','Rejected',60,'2017-07-25','2017-07-26 09:31:05'),(738,2,'xl','912345','pull',0,'REG;IOD;CANTIK','6','1','Rejected',57,'2017-07-25','2017-07-26 09:31:05'),(739,1,'xl','912345','push',1000,'PUSH;IOD;BOLA;FIRSTPUSH','6','3','Rejected',55,'2017-07-25','2017-07-26 09:31:05'),(740,2,'xl','912345','push',900,'PUSH;IOD;CANTIK;FIRSTPUSH','6','2','Rejected',54,'2017-07-25','2017-07-26 09:31:05'),(741,2,'xl','912345','push',900,'PUSH;IOD;CANTIK;FIRSTPUSH','6','3','Rejected',59,'2017-07-25','2017-07-26 09:31:05'),(742,1,'xl','912345','pull',0,'REG;IOD;BOLA','2','0','Deliver',66,'2017-07-25','2017-07-26 09:31:05'),(743,2,'xl','912345','pull',0,'REG;IOD;CANTIK','6','1','Rejected',57,'2017-07-25','2017-07-26 09:31:05'),(744,1,'xl','912345','push',1000,'PUSH;IOD;BOLA;FIRSTPUSH','2','0','Deliver',61,'2017-07-25','2017-07-26 09:31:05'),(745,1,'xl','912345','push',1000,'PUSH;IOD;BOLA;FIRSTPUSH','2','0','Deliver',61,'2017-07-25','2017-07-26 09:31:05'),(746,1,'xl','912345','pull',0,'REG;IOD;BOLA','6','1','Rejected',60,'2017-07-25','2017-07-26 09:31:05'),(747,2,'xl','912345','pull',0,'REG;IOD;CANTIK','6','1','Rejected',57,'2017-07-25','2017-07-26 09:31:05'),(748,1,'xl','912345','pull',0,'REG;IOD;BOLA','6','1','Rejected',60,'2017-07-25','2017-07-26 09:31:05'),(749,2,'xl','912345','push',900,'PUSH;IOD;CANTIK;FIRSTPUSH','6','2','Rejected',54,'2017-07-25','2017-07-26 09:31:05'),(750,1,'xl','912345','push',1000,'PUSH;IOD;BOLA;FIRSTPUSH','6','2','Rejected',61,'2017-07-25','2017-07-26 09:31:05'),(751,2,'xl','912345','pull',0,'REG;IOD;CANTIK','6','3','Rejected',51,'2017-07-25','2017-07-26 09:31:05'),(752,1,'xl','912345','pull',0,'REG;IOD;BOLA','6','1','Rejected',60,'2017-07-25','2017-07-26 09:31:05'),(753,2,'xl','912345','pull',0,'REG;IOD;CANTIK','6','3','Rejected',51,'2017-07-25','2017-07-26 09:31:05'),(754,2,'xl','912345','push',900,'PUSH;IOD;CANTIK;FIRSTPUSH','6','2','Rejected',54,'2017-07-25','2017-07-26 09:31:05'),(755,2,'xl','912345','push',900,'PUSH;IOD;CANTIK;FIRSTPUSH','2','0','Deliver',59,'2017-07-25','2017-07-26 09:31:05'),(756,1,'xl','912345','push',1000,'PUSH;IOD;BOLA;FIRSTPUSH','6','3','Rejected',55,'2017-07-25','2017-07-26 09:31:05'),(757,1,'xl','912345','pull',0,'REG;IOD;BOLA','6','2','Rejected',47,'2017-07-25','2017-07-26 09:31:05'),(758,2,'xl','912345','pull',0,'REG;IOD;CANTIK','6','1','Rejected',57,'2017-07-25','2017-07-26 09:31:05'),(759,1,'xl','912345','push',1000,'PUSH;IOD;BOLA;FIRSTPUSH','2','0','Deliver',61,'2017-07-25','2017-07-26 09:31:05'),(760,2,'xl','912345','push',900,'PUSH;IOD;CANTIK;FIRSTPUSH','6','1','Rejected',57,'2017-07-25','2017-07-26 09:31:05'),(761,1,'xl','912345','pull',0,'REG;IOD;BOLA','6','2','Rejected',47,'2017-07-25','2017-07-26 09:31:05'),(762,2,'xl','912345','pull',0,'REG;IOD;CANTIK','6','2','Rejected',50,'2017-07-25','2017-07-26 09:31:05'),(763,2,'xl','912345','push',900,'PUSH;IOD;CANTIK;FIRSTPUSH','2','0','Deliver',59,'2017-07-25','2017-07-26 09:31:05'),(764,1,'xl','912345','push',1000,'PUSH;IOD;BOLA;FIRSTPUSH','6','2','Rejected',61,'2017-07-25','2017-07-26 09:31:05'),(765,1,'xl','912345','pull',0,'REG;IOD;BOLA','6','3','Rejected',56,'2017-07-25','2017-07-26 09:31:05'),(766,2,'xl','912345','pull',0,'REG;IOD;CANTIK','6','3','Rejected',51,'2017-07-25','2017-07-26 09:31:05'),(767,2,'xl','912345','pull',0,'REG;IOD;CANTIK','6','3','Rejected',51,'2017-07-25','2017-07-26 09:31:05'),(768,1,'xl','912345','push',1000,'PUSH;IOD;BOLA;FIRSTPUSH','6','2','Rejected',61,'2017-07-25','2017-07-26 09:31:05'),(769,2,'xl','912345','push',900,'PUSH;IOD;CANTIK;FIRSTPUSH','6','3','Rejected',59,'2017-07-25','2017-07-26 09:31:05'),(770,1,'xl','912345','pull',0,'REG;IOD;BOLA','6','2','Rejected',47,'2017-07-25','2017-07-26 09:31:05'),(771,1,'xl','912345','pull',0,'REG;IOD;BOLA','6','3','Rejected',56,'2017-07-25','2017-07-26 09:31:05'),(772,2,'xl','912345','pull',0,'REG;IOD;CANTIK','2','0','Deliver',71,'2017-07-25','2017-07-26 09:31:05'),(773,2,'xl','912345','push',900,'PUSH;IOD;CANTIK;FIRSTPUSH','6','3','Rejected',59,'2017-07-25','2017-07-26 09:31:05'),(774,2,'xl','912345','push',900,'PUSH;IOD;CANTIK;FIRSTPUSH','6','3','Rejected',59,'2017-07-25','2017-07-26 09:31:05'),(775,1,'xl','912345','push',1000,'PUSH;IOD;BOLA;FIRSTPUSH','6','1','Rejected',52,'2017-07-25','2017-07-26 09:31:05'),(776,1,'xl','912345','push',1000,'PUSH;IOD;BOLA;FIRSTPUSH','6','2','Rejected',61,'2017-07-25','2017-07-26 09:31:05'),(777,1,'xl','912345','pull',0,'REG;IOD;BOLA','6','1','Rejected',60,'2017-07-25','2017-07-26 09:31:05'),(778,2,'xl','912345','pull',0,'REG;IOD;CANTIK','2','0','Deliver',71,'2017-07-25','2017-07-26 09:31:05'),(779,2,'xl','912345','push',900,'PUSH;IOD;CANTIK;FIRSTPUSH','2','0','Deliver',59,'2017-07-25','2017-07-26 09:31:05'),(780,1,'xl','912345','push',1000,'PUSH;IOD;BOLA;FIRSTPUSH','6','2','Rejected',61,'2017-07-25','2017-07-26 09:31:05'),(781,1,'xl','912345','pull',0,'REG;IOD;BOLA','6','3','Rejected',56,'2017-07-25','2017-07-26 09:31:05'),(782,2,'xl','912345','pull',0,'REG;IOD;CANTIK','2','0','Deliver',71,'2017-07-25','2017-07-26 09:31:05'),(783,2,'xl','912345','push',900,'PUSH;IOD;CANTIK;FIRSTPUSH','6','1','Rejected',57,'2017-07-25','2017-07-26 09:31:05'),(784,1,'xl','912345','push',1000,'PUSH;IOD;BOLA;FIRSTPUSH','6','3','Rejected',55,'2017-07-25','2017-07-26 09:31:05'),(785,1,'xl','912345','pull',0,'REG;IOD;BOLA','6','2','Rejected',47,'2017-07-25','2017-07-26 09:31:05'),(786,2,'xl','912345','pull',0,'REG;IOD;CANTIK','6','1','Rejected',57,'2017-07-25','2017-07-26 09:31:05'),(787,1,'xl','912345','push',1000,'PUSH;IOD;BOLA;FIRSTPUSH','6','3','Rejected',55,'2017-07-25','2017-07-26 09:31:05'),(788,2,'xl','912345','push',900,'PUSH;IOD;CANTIK;FIRSTPUSH','6','2','Rejected',54,'2017-07-25','2017-07-26 09:31:05'),(789,1,'xl','912345','pull',0,'REG;IOD;BOLA','6','1','Rejected',60,'2017-07-25','2017-07-26 09:31:05'),(790,2,'xl','912345','pull',0,'REG;IOD;CANTIK','6','1','Rejected',57,'2017-07-25','2017-07-26 09:31:05'),(791,1,'xl','912345','push',1000,'PUSH;IOD;BOLA;FIRSTPUSH','6','3','Rejected',55,'2017-07-25','2017-07-26 09:31:05'),(792,2,'xl','912345','push',900,'PUSH;IOD;CANTIK;FIRSTPUSH','6','3','Rejected',59,'2017-07-25','2017-07-26 09:31:05'),(793,1,'xl','912345','pull',0,'REG;IOD;BOLA','6','3','Rejected',56,'2017-07-25','2017-07-26 09:31:05'),(794,2,'xl','912345','pull',0,'REG;IOD;CANTIK','6','3','Rejected',51,'2017-07-25','2017-07-26 09:31:05'),(795,1,'xl','912345','push',1000,'PUSH;IOD;BOLA;FIRSTPUSH','2','0','Deliver',61,'2017-07-25','2017-07-26 09:31:05'),(796,2,'xl','912345','push',900,'PUSH;IOD;CANTIK;FIRSTPUSH','2','0','Deliver',59,'2017-07-25','2017-07-26 09:31:05'),(797,2,'xl','912345','push',900,'PUSH;IOD;CANTIK;FIRSTPUSH','6','3','Rejected',59,'2017-07-25','2017-07-26 09:31:05'),(798,1,'xl','912345','pull',0,'REG;IOD;BOLA','2','0','Deliver',66,'2017-07-25','2017-07-26 09:31:05'),(799,2,'xl','912345','pull',0,'REG;IOD;CANTIK','6','2','Rejected',50,'2017-07-25','2017-07-26 09:31:05'),(800,1,'xl','912345','push',1000,'PUSH;IOD;BOLA;FIRSTPUSH','2','0','Deliver',61,'2017-07-25','2017-07-26 09:31:05'),(801,1,'xl','912345','pull',0,'REG;IOD;BOLA','6','1','Rejected',60,'2017-07-25','2017-07-26 09:31:05'),(802,2,'xl','912345','pull',0,'REG;IOD;CANTIK','2','0','Deliver',71,'2017-07-25','2017-07-26 09:31:05'),(803,1,'xl','912345','push',1000,'PUSH;IOD;BOLA;FIRSTPUSH','6','2','Rejected',61,'2017-07-25','2017-07-26 09:31:05'),(804,2,'xl','912345','push',900,'PUSH;IOD;CANTIK;FIRSTPUSH','6','3','Rejected',59,'2017-07-25','2017-07-26 09:31:05'),(805,1,'xl','912345','pull',0,'REG;IOD;BOLA','6','1','Rejected',60,'2017-07-25','2017-07-26 09:31:05'),(806,2,'xl','912345','pull',0,'REG;IOD;CANTIK','2','0','Deliver',71,'2017-07-25','2017-07-26 09:31:05'),(807,1,'xl','912345','push',1000,'PUSH;IOD;BOLA;FIRSTPUSH','6','1','Rejected',52,'2017-07-25','2017-07-26 09:31:05'),(808,2,'xl','912345','push',900,'PUSH;IOD;CANTIK;FIRSTPUSH','6','3','Rejected',59,'2017-07-25','2017-07-26 09:31:05'),(809,1,'xl','912345','pull',0,'REG;IOD;BOLA','6','3','Rejected',56,'2017-07-25','2017-07-26 09:31:05'),(810,2,'xl','912345','pull',0,'REG;IOD;CANTIK','6','3','Rejected',51,'2017-07-25','2017-07-26 09:31:05'),(811,1,'xl','912345','push',1000,'PUSH;IOD;BOLA;FIRSTPUSH','6','2','Rejected',61,'2017-07-25','2017-07-26 09:31:05'),(812,2,'xl','912345','push',900,'PUSH;IOD;CANTIK;FIRSTPUSH','6','3','Rejected',59,'2017-07-25','2017-07-26 09:31:05'),(813,1,'xl','912345','pull',0,'REG;IOD;BOLA','2','0','Deliver',66,'2017-07-25','2017-07-26 09:31:05'),(814,2,'xl','912345','pull',0,'REG;IOD;CANTIK','6','2','Rejected',50,'2017-07-25','2017-07-26 09:31:05'),(815,1,'xl','912345','push',1000,'PUSH;IOD;BOLA;FIRSTPUSH','2','0','Deliver',61,'2017-07-25','2017-07-26 09:31:05'),(816,2,'xl','912345','push',900,'PUSH;IOD;CANTIK;FIRSTPUSH','2','0','Deliver',59,'2017-07-25','2017-07-26 09:31:05'),(817,1,'xl','912345','pull',0,'REG;IOD;BOLA','2','0','Deliver',66,'2017-07-25','2017-07-26 09:31:05'),(818,2,'xl','912345','pull',0,'REG;IOD;CANTIK','2','0','Deliver',71,'2017-07-25','2017-07-26 09:31:05'),(819,1,'xl','912345','pull',0,'REG;IOD;BOLA','2','0','Deliver',66,'2017-07-25','2017-07-26 09:31:05'),(820,2,'xl','912345','pull',0,'REG;IOD;CANTIK','6','3','Rejected',51,'2017-07-25','2017-07-26 09:31:05'),(821,1,'xl','912345','push',1000,'PUSH;IOD;BOLA;FIRSTPUSH','6','1','Rejected',52,'2017-07-25','2017-07-26 09:31:05'),(822,1,'xl','912345','push',1000,'PUSH;IOD;BOLA;FIRSTPUSH','6','1','Rejected',52,'2017-07-25','2017-07-26 09:31:05'),(823,2,'xl','912345','push',900,'PUSH;IOD;CANTIK;FIRSTPUSH','6','2','Rejected',54,'2017-07-25','2017-07-26 09:31:05'),(824,2,'xl','912345','push',900,'PUSH;IOD;CANTIK;FIRSTPUSH','6','1','Rejected',57,'2017-07-25','2017-07-26 09:31:05'),(825,1,'xl','912345','pull',0,'REG;IOD;BOLA','6','1','Rejected',60,'2017-07-25','2017-07-26 09:31:05'),(826,2,'xl','912345','pull',0,'REG;IOD;CANTIK','2','0','Deliver',71,'2017-07-25','2017-07-26 09:31:05'),(827,1,'xl','912345','push',1000,'PUSH;IOD;BOLA;FIRSTPUSH','2','0','Deliver',61,'2017-07-25','2017-07-26 09:31:05'),(828,2,'xl','912345','push',900,'PUSH;IOD;CANTIK;FIRSTPUSH','6','1','Rejected',57,'2017-07-25','2017-07-26 09:31:05'),(829,1,'xl','912345','pull',0,'REG;IOD;BOLA','6','3','Rejected',56,'2017-07-25','2017-07-26 09:31:05'),(830,2,'xl','912345','pull',0,'REG;IOD;CANTIK','6','1','Rejected',57,'2017-07-25','2017-07-26 09:31:05'),(831,2,'xl','912345','push',900,'PUSH;IOD;CANTIK;FIRSTPUSH','6','3','Rejected',59,'2017-07-25','2017-07-26 09:31:05'),(832,1,'xl','912345','push',1000,'PUSH;IOD;BOLA;FIRSTPUSH','6','1','Rejected',52,'2017-07-25','2017-07-26 09:31:05'),(833,1,'xl','912345','pull',0,'REG;IOD;BOLA','2','0','Deliver',66,'2017-07-25','2017-07-26 09:31:05'),(834,2,'xl','912345','pull',0,'REG;IOD;CANTIK','6','1','Rejected',57,'2017-07-25','2017-07-26 09:31:05'),(835,1,'xl','912345','push',1000,'PUSH;IOD;BOLA;FIRSTPUSH','6','3','Rejected',55,'2017-07-25','2017-07-26 09:31:05'),(836,2,'xl','912345','push',900,'PUSH;IOD;CANTIK;FIRSTPUSH','2','0','Deliver',59,'2017-07-25','2017-07-26 09:31:05'),(837,1,'xl','912345','pull',0,'REG;IOD;BOLA','6','1','Rejected',60,'2017-07-25','2017-07-26 09:31:05'),(838,1,'xl','912345','push',1000,'PUSH;IOD;BOLA;FIRSTPUSH','6','3','Rejected',55,'2017-07-25','2017-07-26 09:31:05'),(839,2,'xl','912345','pull',0,'REG;IOD;CANTIK','2','0','Deliver',71,'2017-07-25','2017-07-26 09:31:05'),(840,1,'xl','912345','pull',0,'REG;IOD;BOLA','6','1','Rejected',60,'2017-07-25','2017-07-26 09:31:05'),(841,2,'xl','912345','push',900,'PUSH;IOD;CANTIK;FIRSTPUSH','6','2','Rejected',54,'2017-07-25','2017-07-26 09:31:05'),(842,1,'xl','912345','push',1000,'PUSH;IOD;BOLA;FIRSTPUSH','6','2','Rejected',61,'2017-07-25','2017-07-26 09:31:05'),(843,2,'xl','912345','pull',0,'REG;IOD;CANTIK','6','2','Rejected',50,'2017-07-25','2017-07-26 09:31:05'),(844,1,'xl','912345','pull',0,'REG;IOD;BOLA','6','1','Rejected',60,'2017-07-25','2017-07-26 09:31:05'),(845,1,'xl','912345','push',1000,'PUSH;IOD;BOLA;FIRSTPUSH','6','3','Rejected',55,'2017-07-25','2017-07-26 09:31:05'),(846,2,'xl','912345','push',900,'PUSH;IOD;CANTIK;FIRSTPUSH','6','1','Rejected',57,'2017-07-25','2017-07-26 09:31:05'),(847,2,'xl','912345','pull',0,'REG;IOD;CANTIK','2','0','Deliver',71,'2017-07-25','2017-07-26 09:31:05'),(848,1,'xl','912345','pull',0,'REG;IOD;BOLA','6','1','Rejected',60,'2017-07-25','2017-07-26 09:31:05'),(849,2,'xl','912345','push',900,'PUSH;IOD;CANTIK;FIRSTPUSH','2','0','Deliver',59,'2017-07-25','2017-07-26 09:31:05'),(850,1,'xl','912345','push',1000,'PUSH;IOD;BOLA;FIRSTPUSH','2','0','Deliver',61,'2017-07-25','2017-07-26 09:31:05'),(851,2,'xl','912345','pull',0,'REG;IOD;CANTIK','2','0','Deliver',71,'2017-07-25','2017-07-26 09:31:05'),(852,1,'xl','912345','pull',0,'REG;IOD;BOLA','6','3','Rejected',56,'2017-07-25','2017-07-26 09:31:05'),(853,2,'xl','912345','push',900,'PUSH;IOD;CANTIK;FIRSTPUSH','2','0','Deliver',59,'2017-07-25','2017-07-26 09:31:05'),(854,1,'xl','912345','push',1000,'PUSH;IOD;BOLA;FIRSTPUSH','6','1','Rejected',52,'2017-07-25','2017-07-26 09:31:05'),(855,2,'xl','912345','pull',0,'REG;IOD;CANTIK','2','0','Deliver',71,'2017-07-25','2017-07-26 09:31:05'),(856,1,'xl','912345','pull',0,'REG;IOD;BOLA','6','1','Rejected',60,'2017-07-25','2017-07-26 09:31:05'),(857,1,'xl','912345','push',1000,'PUSH;IOD;BOLA;FIRSTPUSH','6','1','Rejected',52,'2017-07-25','2017-07-26 09:31:05'),(858,2,'xl','912345','push',900,'PUSH;IOD;CANTIK;FIRSTPUSH','6','1','Rejected',57,'2017-07-25','2017-07-26 09:31:05'),(859,2,'xl','912345','pull',0,'REG;IOD;CANTIK','6','2','Rejected',50,'2017-07-25','2017-07-26 09:31:05'),(860,1,'xl','912345','pull',0,'REG;IOD;BOLA','2','0','Deliver',66,'2017-07-25','2017-07-26 09:31:05'),(861,1,'xl','912345','push',1000,'PUSH;IOD;BOLA;FIRSTPUSH','2','0','Deliver',61,'2017-07-25','2017-07-26 09:31:05'),(862,2,'xl','912345','push',900,'PUSH;IOD;CANTIK;FIRSTPUSH','6','1','Rejected',57,'2017-07-25','2017-07-26 09:31:05'),(863,2,'xl','912345','pull',0,'REG;IOD;CANTIK','6','1','Rejected',57,'2017-07-25','2017-07-26 09:31:05'),(864,1,'xl','912345','pull',0,'REG;IOD;BOLA','6','1','Rejected',60,'2017-07-25','2017-07-26 09:31:05'),(865,1,'xl','912345','push',1000,'PUSH;IOD;BOLA;FIRSTPUSH','6','1','Rejected',52,'2017-07-25','2017-07-26 09:31:05'),(866,2,'xl','912345','push',900,'PUSH;IOD;CANTIK;FIRSTPUSH','6','3','Rejected',59,'2017-07-25','2017-07-26 09:31:05'),(867,2,'xl','912345','pull',0,'REG;IOD;CANTIK','6','1','Rejected',57,'2017-07-25','2017-07-26 09:31:05'),(868,1,'xl','912345','pull',0,'REG;IOD;BOLA','6','3','Rejected',56,'2017-07-25','2017-07-26 09:31:05'),(869,2,'xl','912345','pull',0,'REG;IOD;CANTIK','2','0','Deliver',71,'2017-07-25','2017-07-26 09:31:05'),(870,1,'xl','912345','push',1000,'PUSH;IOD;BOLA;FIRSTPUSH','6','3','Rejected',55,'2017-07-25','2017-07-26 09:31:05'),(871,2,'xl','912345','push',900,'PUSH;IOD;CANTIK;FIRSTPUSH','6','3','Rejected',59,'2017-07-25','2017-07-26 09:31:05'),(872,2,'xl','912345','push',900,'PUSH;IOD;CANTIK;FIRSTPUSH','6','3','Rejected',59,'2017-07-25','2017-07-26 09:31:05'),(873,1,'xl','912345','pull',0,'REG;IOD;BOLA','2','0','Deliver',66,'2017-07-25','2017-07-26 09:31:05'),(874,2,'xl','912345','pull',0,'REG;IOD;CANTIK','2','0','Deliver',71,'2017-07-25','2017-07-26 09:31:05'),(875,2,'xl','912345','push',900,'PUSH;IOD;CANTIK;FIRSTPUSH','2','0','Deliver',59,'2017-07-25','2017-07-26 09:31:05'),(876,1,'xl','912345','push',1000,'PUSH;IOD;BOLA;FIRSTPUSH','2','0','Deliver',61,'2017-07-25','2017-07-26 09:31:05'),(877,1,'xl','912345','pull',0,'REG;IOD;BOLA','6','1','Rejected',60,'2017-07-25','2017-07-26 09:31:05'),(878,2,'xl','912345','pull',0,'REG;IOD;CANTIK','2','0','Deliver',71,'2017-07-25','2017-07-26 09:31:05'),(879,1,'xl','912345','push',1000,'PUSH;IOD;BOLA;FIRSTPUSH','6','1','Rejected',52,'2017-07-25','2017-07-26 09:31:05'),(880,2,'xl','912345','push',900,'PUSH;IOD;CANTIK;FIRSTPUSH','6','1','Rejected',57,'2017-07-25','2017-07-26 09:31:05'),(881,1,'xl','912345','pull',0,'REG;IOD;BOLA','6','2','Rejected',47,'2017-07-25','2017-07-26 09:31:05'),(882,2,'xl','912345','pull',0,'REG;IOD;CANTIK','2','0','Deliver',71,'2017-07-25','2017-07-26 09:31:05'),(883,1,'xl','912345','push',1000,'PUSH;IOD;BOLA;FIRSTPUSH','2','0','Deliver',61,'2017-07-25','2017-07-26 09:31:05'),(884,2,'xl','912345','push',900,'PUSH;IOD;CANTIK;FIRSTPUSH','6','3','Rejected',59,'2017-07-25','2017-07-26 09:31:05'),(885,1,'xl','912345','pull',0,'REG;IOD;BOLA','6','2','Rejected',47,'2017-07-25','2017-07-26 09:31:05'),(886,2,'xl','912345','pull',0,'REG;IOD;CANTIK','6','2','Rejected',50,'2017-07-25','2017-07-26 09:31:05'),(887,2,'xl','912345','push',900,'PUSH;IOD;CANTIK;FIRSTPUSH','2','0','Deliver',59,'2017-07-25','2017-07-26 09:31:05'),(888,1,'xl','912345','push',1000,'PUSH;IOD;BOLA;FIRSTPUSH','6','3','Rejected',55,'2017-07-25','2017-07-26 09:31:05'),(889,1,'xl','912345','pull',0,'REG;IOD;BOLA','6','2','Rejected',47,'2017-07-25','2017-07-26 09:31:05'),(890,2,'xl','912345','pull',0,'REG;IOD;CANTIK','2','0','Deliver',71,'2017-07-25','2017-07-26 09:31:05'),(891,1,'xl','912345','push',1000,'PUSH;IOD;BOLA;FIRSTPUSH','6','1','Rejected',52,'2017-07-25','2017-07-26 09:31:05'),(892,2,'xl','912345','push',900,'PUSH;IOD;CANTIK;FIRSTPUSH','6','1','Rejected',57,'2017-07-25','2017-07-26 09:31:05'),(893,1,'xl','912345','pull',0,'REG;IOD;BOLA','6','3','Rejected',56,'2017-07-25','2017-07-26 09:31:05'),(894,2,'xl','912345','pull',0,'REG;IOD;CANTIK','2','0','Deliver',71,'2017-07-25','2017-07-26 09:31:05'),(895,1,'xl','912345','push',1000,'PUSH;IOD;BOLA;FIRSTPUSH','6','3','Rejected',55,'2017-07-25','2017-07-26 09:31:05'),(896,2,'xl','912345','push',900,'PUSH;IOD;CANTIK;FIRSTPUSH','6','2','Rejected',54,'2017-07-25','2017-07-26 09:31:05'),(897,1,'xl','912345','pull',0,'REG;IOD;BOLA','6','3','Rejected',56,'2017-07-25','2017-07-26 09:31:05'),(898,2,'xl','912345','pull',0,'REG;IOD;CANTIK','6','2','Rejected',50,'2017-07-25','2017-07-26 09:31:05'),(899,2,'xl','912345','push',900,'PUSH;IOD;CANTIK;FIRSTPUSH','6','3','Rejected',59,'2017-07-25','2017-07-26 09:31:05'),(900,1,'xl','912345','push',1000,'PUSH;IOD;BOLA;FIRSTPUSH','6','2','Rejected',61,'2017-07-25','2017-07-26 09:31:05'),(901,1,'xl','912345','pull',0,'REG;IOD;BOLA','6','1','Rejected',60,'2017-07-25','2017-07-26 09:31:05'),(902,2,'xl','912345','pull',0,'REG;IOD;CANTIK','2','0','Deliver',71,'2017-07-25','2017-07-26 09:31:05'),(903,1,'xl','912345','push',1000,'PUSH;IOD;BOLA;FIRSTPUSH','6','2','Rejected',61,'2017-07-25','2017-07-26 09:31:05'),(904,2,'xl','912345','push',900,'PUSH;IOD;CANTIK;FIRSTPUSH','6','3','Rejected',59,'2017-07-25','2017-07-26 09:31:05'),(905,1,'xl','912345','pull',0,'REG;IOD;BOLA','2','0','Deliver',66,'2017-07-25','2017-07-26 09:31:05'),(906,2,'xl','912345','pull',0,'REG;IOD;CANTIK','6','3','Rejected',51,'2017-07-25','2017-07-26 09:31:05'),(907,1,'xl','912345','pull',0,'REG;IOD;BOLA','2','0','Deliver',66,'2017-07-25','2017-07-26 09:31:05'),(908,1,'xl','912345','push',1000,'PUSH;IOD;BOLA;FIRSTPUSH','6','2','Rejected',61,'2017-07-25','2017-07-26 09:31:05'),(909,2,'xl','912345','push',900,'PUSH;IOD;CANTIK;FIRSTPUSH','6','2','Rejected',54,'2017-07-25','2017-07-26 09:31:05'),(910,1,'xl','912345','push',1000,'PUSH;IOD;BOLA;FIRSTPUSH','2','0','Deliver',61,'2017-07-25','2017-07-26 09:31:05'),(911,2,'xl','912345','push',900,'PUSH;IOD;CANTIK;FIRSTPUSH','6','3','Rejected',59,'2017-07-25','2017-07-26 09:31:05'),(912,2,'xl','912345','pull',0,'REG;IOD;CANTIK','6','1','Rejected',57,'2017-07-25','2017-07-26 09:31:05'),(913,1,'xl','912345','pull',0,'REG;IOD;BOLA','2','0','Deliver',66,'2017-07-25','2017-07-26 09:31:05'),(914,2,'xl','912345','pull',0,'REG;IOD;CANTIK','6','3','Rejected',51,'2017-07-25','2017-07-26 09:31:05'),(915,1,'xl','912345','push',1000,'PUSH;IOD;BOLA;FIRSTPUSH','6','2','Rejected',61,'2017-07-25','2017-07-26 09:31:05'),(916,2,'xl','912345','push',900,'PUSH;IOD;CANTIK;FIRSTPUSH','6','2','Rejected',54,'2017-07-25','2017-07-26 09:31:05'),(917,1,'xl','912345','push',1000,'PUSH;IOD;BOLA;FIRSTPUSH','2','0','Deliver',61,'2017-07-25','2017-07-26 09:31:05'),(918,1,'xl','912345','pull',0,'REG;IOD;BOLA','6','3','Rejected',56,'2017-07-25','2017-07-26 09:31:05'),(919,2,'xl','912345','pull',0,'REG;IOD;CANTIK','2','0','Deliver',71,'2017-07-25','2017-07-26 09:31:05'),(920,1,'xl','912345','pull',0,'REG;IOD;BOLA','6','1','Rejected',60,'2017-07-25','2017-07-26 09:31:05'),(921,2,'xl','912345','pull',0,'REG;IOD;CANTIK','6','2','Rejected',50,'2017-07-25','2017-07-26 09:31:05'),(922,1,'xl','912345','push',1000,'PUSH;IOD;BOLA;FIRSTPUSH','6','2','Rejected',61,'2017-07-25','2017-07-26 09:31:05'),(923,2,'xl','912345','push',900,'PUSH;IOD;CANTIK;FIRSTPUSH','2','0','Deliver',59,'2017-07-25','2017-07-26 09:31:05'),(924,2,'xl','912345','push',900,'PUSH;IOD;CANTIK;FIRSTPUSH','2','0','Deliver',59,'2017-07-25','2017-07-26 09:31:05'),(925,1,'xl','912345','pull',0,'REG;IOD;BOLA','2','0','Deliver',66,'2017-07-25','2017-07-26 09:31:05'),(926,2,'xl','912345','pull',0,'REG;IOD;CANTIK','6','3','Rejected',51,'2017-07-25','2017-07-26 09:31:05'),(927,2,'xl','912345','push',900,'PUSH;IOD;CANTIK;FIRSTPUSH','2','0','Deliver',59,'2017-07-25','2017-07-26 09:31:05'),(928,1,'xl','912345','push',1000,'PUSH;IOD;BOLA;FIRSTPUSH','6','2','Rejected',61,'2017-07-25','2017-07-26 09:31:05'),(929,1,'xl','912345','push',1000,'PUSH;IOD;BOLA;FIRSTPUSH','6','2','Rejected',61,'2017-07-25','2017-07-26 09:31:05'),(930,1,'xl','912345','pull',0,'REG;IOD;BOLA','6','3','Rejected',56,'2017-07-25','2017-07-26 09:31:05'),(931,2,'xl','912345','pull',0,'REG;IOD;CANTIK','6','1','Rejected',57,'2017-07-25','2017-07-26 09:31:05'),(932,1,'xl','912345','pull',0,'REG;IOD;BOLA','6','1','Rejected',60,'2017-07-25','2017-07-26 09:31:05'),(933,2,'xl','912345','push',900,'PUSH;IOD;CANTIK;FIRSTPUSH','2','0','Deliver',59,'2017-07-25','2017-07-26 09:31:05'),(934,1,'xl','912345','push',1000,'PUSH;IOD;BOLA;FIRSTPUSH','6','1','Rejected',52,'2017-07-25','2017-07-26 09:31:05'),(935,2,'xl','912345','pull',0,'REG;IOD;CANTIK','2','0','Deliver',71,'2017-07-25','2017-07-26 09:31:05'),(936,1,'xl','912345','pull',0,'REG;IOD;BOLA','2','0','Deliver',66,'2017-07-25','2017-07-26 09:31:05'),(937,1,'xl','912345','push',1000,'PUSH;IOD;BOLA;FIRSTPUSH','6','2','Rejected',61,'2017-07-25','2017-07-26 09:31:05'),(938,2,'xl','912345','push',900,'PUSH;IOD;CANTIK;FIRSTPUSH','6','1','Rejected',57,'2017-07-25','2017-07-26 09:31:05'),(939,2,'xl','912345','pull',0,'REG;IOD;CANTIK','6','1','Rejected',57,'2017-07-25','2017-07-26 09:31:05'),(940,1,'xl','912345','pull',0,'REG;IOD;BOLA','6','2','Rejected',47,'2017-07-25','2017-07-26 09:31:05'),(941,1,'xl','912345','push',1000,'PUSH;IOD;BOLA;FIRSTPUSH','6','2','Rejected',61,'2017-07-25','2017-07-26 09:31:05'),(942,2,'xl','912345','push',900,'PUSH;IOD;CANTIK;FIRSTPUSH','2','0','Deliver',59,'2017-07-25','2017-07-26 09:31:05'),(943,2,'xl','912345','pull',0,'REG;IOD;CANTIK','6','3','Rejected',51,'2017-07-25','2017-07-26 09:31:05'),(944,2,'xl','912345','push',900,'PUSH;IOD;CANTIK;FIRSTPUSH','2','0','Deliver',59,'2017-07-25','2017-07-26 09:31:05'),(945,1,'xl','912345','pull',0,'REG;IOD;BOLA','2','0','Deliver',66,'2017-07-25','2017-07-26 09:31:05'),(946,2,'xl','912345','pull',0,'REG;IOD;CANTIK','6','1','Rejected',57,'2017-07-25','2017-07-26 09:31:05'),(947,1,'xl','912345','push',1000,'PUSH;IOD;BOLA;FIRSTPUSH','6','3','Rejected',55,'2017-07-25','2017-07-26 09:31:05'),(948,2,'xl','912345','push',900,'PUSH;IOD;CANTIK;FIRSTPUSH','2','0','Deliver',59,'2017-07-25','2017-07-26 09:31:05'),(949,1,'xl','912345','pull',0,'REG;IOD;BOLA','6','1','Rejected',60,'2017-07-25','2017-07-26 09:31:05'),(950,2,'xl','912345','pull',0,'REG;IOD;CANTIK','6','3','Rejected',51,'2017-07-25','2017-07-26 09:31:05'),(951,2,'xl','912345','push',900,'PUSH;IOD;CANTIK;FIRSTPUSH','6','3','Rejected',59,'2017-07-25','2017-07-26 09:31:05'),(952,1,'xl','912345','push',1000,'PUSH;IOD;BOLA;FIRSTPUSH','6','3','Rejected',55,'2017-07-25','2017-07-26 09:31:05'),(953,1,'xl','912345','push',1000,'PUSH;IOD;BOLA;FIRSTPUSH','6','2','Rejected',61,'2017-07-25','2017-07-26 09:31:05'),(954,1,'xl','912345','pull',0,'REG;IOD;BOLA','6','1','Rejected',60,'2017-07-25','2017-07-26 09:31:05'),(955,2,'xl','912345','pull',0,'REG;IOD;CANTIK','6','1','Rejected',57,'2017-07-25','2017-07-26 09:31:05'),(956,2,'xl','912345','push',900,'PUSH;IOD;CANTIK;FIRSTPUSH','2','0','Deliver',59,'2017-07-25','2017-07-26 09:31:05');

/*Table structure for table `tb_telco_config` */

DROP TABLE IF EXISTS `tb_telco_config`;

CREATE TABLE `tb_telco_config` (
  `id_telco` int(11) NOT NULL AUTO_INCREMENT,
  `telco_name` varchar(50) DEFAULT NULL,
  `push_limit` int(11) DEFAULT NULL,
  `pull_limit` int(11) DEFAULT NULL,
  `address` varchar(250) DEFAULT NULL,
  `username` varchar(100) DEFAULT NULL,
  `password` varchar(100) DEFAULT NULL,
  `shortname` varchar(100) DEFAULT NULL,
  PRIMARY KEY (`id_telco`)
) ENGINE=InnoDB AUTO_INCREMENT=2 DEFAULT CHARSET=latin1;

/*Data for the table `tb_telco_config` */

insert  into `tb_telco_config`(`id_telco`,`telco_name`,`push_limit`,`pull_limit`,`address`,`username`,`password`,`shortname`) values (1,'xl',30,30,'http://localhost/simulator-php/push.php','adminDB','passwordDb','ddd');

/*Table structure for table `tb_user` */

DROP TABLE IF EXISTS `tb_user`;

CREATE TABLE `tb_user` (
  `id_user` int(11) NOT NULL AUTO_INCREMENT,
  `name` varchar(100) DEFAULT NULL,
  `username` varchar(100) DEFAULT NULL,
  `password` varchar(100) DEFAULT NULL,
  `page` text,
  `user_create` varchar(20) DEFAULT NULL,
  `user_stat` varchar(10) DEFAULT NULL,
  PRIMARY KEY (`id_user`)
) ENGINE=InnoDB AUTO_INCREMENT=7 DEFAULT CHARSET=latin1;

/*Data for the table `tb_user` */

insert  into `tb_user`(`id_user`,`name`,`username`,`password`,`page`,`user_create`,`user_stat`) values (4,'Pebri','pebs@pebs','1de034cf6ea2ca9879cd5a7340cd1db4','adduser,keyword,addquiz,monophonicmarket,blacklist msisdn','2017-07-26 04:38:41','1'),(5,'Jati','jat@jat','b28c197774bc8c9501d3d6352e679e00','adduser,keyword,addquiz,monophonicmarket,blacklist msisdn','2017-07-27 12:02:43','1'),(6,'Denis','den@den','32ce9c04a986b6360b0ea1984ed86c6c','keyword','2017-07-27 12:19:50','2');

/*Table structure for table `users` */

DROP TABLE IF EXISTS `users`;

CREATE TABLE `users` (
  `id` int(10) unsigned NOT NULL AUTO_INCREMENT,
  `name` varchar(255) NOT NULL,
  `lastname` varchar(255) NOT NULL,
  `email` varchar(255) NOT NULL,
  `password` char(60) NOT NULL,
  `mustChangePassword` char(1) DEFAULT NULL,
  `profilesId` int(10) unsigned NOT NULL,
  `banned` char(1) NOT NULL,
  `suspended` char(1) NOT NULL,
  `active` char(1) DEFAULT NULL,
  `type` varchar(5) NOT NULL,
  `skype` varchar(50) NOT NULL,
  `phone` varchar(30) NOT NULL,
  `company` varchar(50) DEFAULT NULL,
  `address` varchar(255) DEFAULT NULL,
  `city` varchar(25) DEFAULT NULL,
  `country` varchar(30) DEFAULT NULL,
  PRIMARY KEY (`id`),
  KEY `profilesId` (`profilesId`)
) ENGINE=InnoDB AUTO_INCREMENT=41 DEFAULT CHARSET=utf8;

/*Data for the table `users` */

insert  into `users`(`id`,`name`,`lastname`,`email`,`password`,`mustChangePassword`,`profilesId`,`banned`,`suspended`,`active`,`type`,`skype`,`phone`,`company`,`address`,`city`,`country`) values (18,'admindenis superadmin','ganteng','denis.setianto@gmail.com','$2y$08$KzhEbVVLYlhBWklPb1haNu3mv1GhW.AnYq6vvGU4lr60gEMskexq.','N',1,'N','N','Y','A','admindenis','+62929292992','dimanan','aku','disini','asdasdas'),(39,'wina','winursari','wina@winur.com','$2y$08$S3VVdTA1Q2c3TWRvUXVNc.pu2FsI8Bj.CPvt3Z7QQIq3100/Ch.sK','N',2,'N','N','Y','A','asdasdasd','asdasdasd','asdasdasd','asdasdasd','asdasdasd','KOREA'),(40,'hola','aaaaaa','coba@gmail.com','$2y$08$Yy9va0ZjL0NKUnQvMnV3e.1vBbXFxlFsKh73GxN3uuPdgfK4MLlZe','N',2,'N','N','N','A','asdasdasd','asdasdasd',NULL,NULL,NULL,'asdasdasd');

/*!40101 SET SQL_MODE=@OLD_SQL_MODE */;
/*!40014 SET FOREIGN_KEY_CHECKS=@OLD_FOREIGN_KEY_CHECKS */;
/*!40014 SET UNIQUE_CHECKS=@OLD_UNIQUE_CHECKS */;
/*!40111 SET SQL_NOTES=@OLD_SQL_NOTES */;
